state,date,reported_cases,predicted_infections_mean,predicted_infections_lower_CI_95,predicted_infections_higher_CI_95_cumulative,reported_deaths,estimated_deaths_mean,estimated_deaths_lower_CI_95,estimated_deaths_higher_CI_95,mean_time_varying_reproduction_number_R.t.,time_varying_reproduction_number_R.t._lower_CI_95,time_varying_reproduction_number_R.t._higher_CI_95,mean_infectious_individuals,infectious_individuals_lower_CI_95,infectious_individuals_higher_CI_95
CT,2020-02-22,0,27.8476110208834,5.85396556168123,82.0723663254824,0,2.78476110208834e-14,5.85396556168123e-15,8.20723663254824e-14,3.99170755204406,2.82201763497198,5.40043293246989,0,0,0
CT,2020-02-23,0,27.8476110208834,5.85396556168123,82.0723663254824,0,5.87122230218084e-07,1.20871002853714e-07,1.73152090890993e-06,3.96574448151067,2.80001881868164,5.36843026832731,4.31083192946595,0.906198439728457,12.7048663893429
CT,2020-02-24,0,27.8476110208834,5.85396556168123,82.0723663254824,0,1.4090933525234e-05,2.90090406848913e-06,4.15565018138383e-05,3.93973390035875,2.77577095417867,5.33451611080528,19.9752095937295,4.19907434649839,58.8708567487329
CT,2020-02-25,0,27.8476110208834,5.85396556168123,82.0723663254824,0,7.92615010794413e-05,1.63175853852514e-05,0.000233755322702841,3.73027792428564,2.61547077736858,5.07448610252068,43.9482142106806,9.23854230417762,129.523998785564
CT,2020-02-26,0,27.8476110208834,5.85396556168123,82.0723663254824,0,0.000301780826332095,6.21276954668089e-05,0.000890001747179704,3.88758140010091,2.73502856170446,5.26984291437128,71.6385011528605,15.0594360975817,211.132700223976
CT,2020-02-27,0,27.8476110208834,5.85396556168123,82.0723663254824,0,0.000891838667701269,0.000183603053334791,0.00263018026063418,3.86144512596679,2.71491697595373,5.23182668020785,99.4861121737439,20.913401659263,293.205066549458
CT,2020-02-28,0,52.7911093281801,14.5934112182401,135.840711458547,0,0.00200296748838899,0.000412351426235444,0.00590708358074623,3.86127864194548,2.71477032873941,5.23177247347848,125.275268936626,26.3346507366612,369.210764829331
CT,2020-02-29,0,67.0603478843698,19.9348118605027,163.800983710321,0,0.00389725552480574,0.000802439145202924,0.0114938148202261,4.09354860080449,2.91521474260656,5.50789363839901,151.747417555786,32.6609352567976,443.237848406735
CT,2020-03-01,0,86.6447202209349,26.9935424169095,205.974170084638,0,0.00684701011042125,0.0014122521311828,0.0201702640905551,4.27084608011481,3.07113829433614,5.72734839897041,187.053484479883,42.7201521453206,530.418670234267
CT,2020-03-02,0,110.179365777341,36.7629836782869,252.935890374505,0,0.0111002912366042,0.00229665414116102,0.03264039604804,4.2957959521704,3.09040093486637,5.75561206140681,235.199788457531,56.5514242162329,642.729811791087
CT,2020-03-03,0,141.078921938642,49.9516239108541,312.840354857868,0,0.0168452281966499,0.00351311471462202,0.0494546145320316,4.29567076515073,3.09023269754852,5.75555149836701,299.447826043506,79.0930261416063,783.965894524324
CT,2020-03-04,0,178.373967376852,66.2127405703403,379.272679911085,0,0.0244197926407946,0.0052068001118685,0.0710770060417658,4.22014260712236,3.02734925832232,5.65743699470569,383.291086532907,109.229420681003,961.635645945412
CT,2020-03-05,0,232.65813057548,91.082871851426,479.258736109241,0,0.034165687930592,0.00747213981196313,0.0986505611121687,4.27026018542237,3.07036977398677,5.72698060988133,491.163826817863,150.141199607308,1194.39117383724
CT,2020-03-06,0,276.280019332489,114.058273022721,558.870029935033,0,0.0466122260919129,0.0104983647920884,0.13352102843729,3.93828850798064,2.7997833650382,5.33439995326606,629.426975589644,205.580320115857,1471.44892954712
CT,2020-03-07,2,402.436285473587,178.289899697895,760.79972589332,0,0.0625976622073064,0.0146261712874893,0.176808017654565,4.48011682882591,3.31783315843079,5.90044568358235,804.294138720549,278.855937457632,1818.75166280455
CT,2020-03-08,0,499.163824560579,233.079690108354,906.123488005018,0,0.0829136078215973,0.0205498322326132,0.229726534797827,4.33211561739293,3.20663319591873,5.72398912883768,1027.84117518375,375.576419392323,2237.05031229396
CT,2020-03-09,0,669.146422250767,326.70818462843,1191.91734327302,0,0.108890312059261,0.0284404439153201,0.294104121753758,4.47902353587032,3.3163855954425,5.89965377887793,1325.4028700372,510.511255184825,2765.09007108707
CT,2020-03-10,0,846.310716333978,431.031226355904,1466.02229957011,0,0.141928424907001,0.039139589522779,0.373863736827128,4.35553781522497,3.22203376793158,5.75083917220076,1716.1471111364,708.501887036647,3418.12636501568
CT,2020-03-11,1,1116.89734144717,589.279420722326,1892.25645595897,0,0.183946776325815,0.0538216125530137,0.470530167738246,4.403855163339,3.26439598454192,5.80605561904867,2228.42133369147,975.322086531942,4303.66411436782
CT,2020-03-12,2,1622.8376797769,877.859570455698,2708.17083151639,0,0.237866435173184,0.0731247016338711,0.588168789564226,4.89555265922023,3.65304246748212,6.43431794654385,2893.55049258102,1328.08618558197,5438.30411992751
CT,2020-03-13,6,1894.45946785792,1059.54057235962,3109.57005821923,0,0.307111609863544,0.101226252760862,0.733670945692076,4.35123478799049,3.21766475615201,5.7462459423487,3787.85893361126,1823.6595123169,6757.02645149147
CT,2020-03-14,11,2514.89275140278,1519.6168926609,3932.09531828996,0,0.396257844475468,0.13882051485988,0.909037192779029,4.38196936273752,3.30838807278637,5.61068982730359,4989.83106464016,2520.1709894715,8720.12333210411
CT,2020-03-15,2,2850.77747498293,1800.21823291463,4352.96968637062,0,0.511575280186951,0.191124840867025,1.12351968001209,3.7940981784501,2.84926140044377,4.88748926763783,6525.51763189243,3414.66314957811,11113.162039272
CT,2020-03-16,6,4028.63528560474,2551.1272082251,6158.01955043795,0,0.661660515147055,0.264045845847149,1.40001108717215,4.12537417607812,3.10195808987408,5.2867227753404,8437.69781310532,4636.141481542,13958.448202031
CT,2020-03-17,38,3657.5150187636,2400.78732901747,5469.16474272036,0,0.857168848376071,0.359150824602777,1.74260499682617,2.93151458795122,2.16421876627057,3.86497403027676,10790.6048094283,6210.16088726395,17337.1156458556
CT,2020-03-18,0,4423.96657040244,2918.59011085047,6589.62866060501,0,1.11139019014269,0.492457872080008,2.18262166638248,2.80261282784495,2.05716507164846,3.71781390272711,13604.1705153478,8094.3959714239,21505.5825864421
CT,2020-03-19,91,4841.4649967139,3139.8787297662,7226.61672377148,2,1.44045783526144,0.672721802641926,2.71476919041476,2.50557763946587,1.80671228659466,3.36889382647713,16602.9940019432,10242.211125758,25700.7603819144
CT,2020-03-20,35,6356.68393167651,4040.91130332658,9571.44727909148,1,1.86294796279141,0.916506755957178,3.37424051225846,2.74554598353526,2.00940417414688,3.64691092120004,19793.419471885,12552.0635819439,30053.9343219161
CT,2020-03-21,0,7239.56325701048,5071.13769647715,10011.6628195076,1,2.40004295095575,1.24203950733919,4.1952130291276,2.6666558213981,2.04767696356054,3.39015032662909,23302.603324037,15066.0886838464,35253.3213063743
CT,2020-03-22,133,6716.50795263645,4709.09512271215,9251.77271144605,4,3.06848157125504,1.66167322792665,5.20846868952774,2.1025551511359,1.58073030910547,2.71639400003401,27431.3699046681,18038.654446838,41011.8051587646
CT,2020-03-23,88,5678.71339838827,3911.51537507701,7887.06529197993,2,3.89279287891001,2.18574477953692,6.42574943481281,1.52387200280561,1.09664556595981,2.03221989180774,31993.4039355567,21523.588123512,46816.0396572647
CT,2020-03-24,203,7233.71313652112,4924.3171747426,10141.9730029432,2,4.89295346891222,2.86312559401226,7.85464874018192,1.70562232932245,1.24739421983992,2.24372675125186,36266.8103792554,24874.7802195348,51974.7573279738
CT,2020-03-25,257,7275.65727913958,4853.68029088289,10377.4396134668,7,6.09130014902885,3.67469660669491,9.55035517243127,1.55382046157596,1.12300107031593,2.06813225786477,39927.8917318838,27763.5862284853,56448.0735848334
CT,2020-03-26,137,8968.81757501418,5863.38472867371,12992.5580700098,2,7.50299264445316,4.68449905843658,11.4808644980494,1.75637730974872,1.29300809685786,2.29719272607043,43362.8163734976,30374.0961660476,60288.3936771092
CT,2020-03-27,279,9479.53430556547,5994.99255399174,14122.1520906023,6,9.1382591963791,5.87651589686644,13.7121399557946,1.71316985312939,1.25742168677399,2.24940977528425,46822.5808163425,32920.6105794259,64784.2353627688
CT,2020-03-28,233,8965.82374765177,6423.91448383567,12398.8609208073,6,11.0059684253918,7.24247208309133,16.2580579338182,1.50897962308932,1.13701271911484,1.9465672888102,50722.318832601,35704.2777308861,69822.6740942026
CT,2020-03-29,469,7326.84185823183,5111.36449431354,10200.3181348855,1,13.10889420856,8.8643276675306,19.1463400131005,1.14028491335884,0.83849664543757,1.50577538856376,54868.3028732935,38358.6256700529,75481.3765630351
CT,2020-03-30,578,9389.0188138785,6462.0423866375,13289.1470775992,2,15.4420441285867,10.6349024295338,22.1456763882225,1.36648009327122,1.02469974617714,1.77249123203489,58529.1497807786,41056.4440311779,80347.5900487747
CT,2020-03-31,557,9842.79243032158,6651.49483880423,14100.7092343918,33,17.9912437468619,12.6170755957691,25.4553778141498,1.36273791947588,1.02163875352868,1.76686708372874,61386.1634483793,43400.4556505942,84229.5519041719
CT,2020-04-01,429,10247.3951359181,6774.35027630709,14912.7823277898,16,20.7559316247983,14.8070280912137,28.8919720450451,1.35435788777528,1.01582898412,1.75575081271123,64135.6394226681,45799.1599863005,87195.8330361322
CT,2020-04-02,267,10723.5601054502,6918.86261063484,15994.3453754794,27,23.711308726658,17.1542315503343,32.3511096896403,1.35270795552973,1.01708186018347,1.75567169751244,67005.551185007,48028.7456166871,91577.9412168102
CT,2020-04-03,1090,11218.3369346285,7030.80264275505,17061.250922766,19,26.8461633076278,19.6772437601572,36.2382098053057,1.34989399153962,1.01494996443463,1.74768566808012,70039.539456452,49878.070165974,96451.4396119297
CT,2020-04-04,362,9074.01989116289,6296.41126195574,12591.2606608016,34,30.1480029694053,22.3523275562845,40.1756557184474,1.05621898301697,0.77867169222776,1.38741306446362,73247.9607641227,51658.4909435053,101762.586700962
CT,2020-04-05,399,9470.63006564834,6527.41648684661,13237.0554897329,24,33.5787999871623,25.2477322991365,44.391818337635,1.05888679402482,0.784367000154846,1.37889416493074,76218.3234774849,53158.8028567466,106355.830937622
CT,2020-04-06,1231,9683.92421888112,6553.42098515041,13703.947321853,17,37.1155580594285,28.1676772316481,48.6962636344995,1.05310710153416,0.777816434428495,1.37597843083561,78253.0569103203,54471.7518445595,109633.16774936
CT,2020-04-07,875,9848.03087411018,6545.60915016226,14163.8383309117,71,40.7376767933098,31.166138713505,53.0161385243578,1.0512456603542,0.777675032760095,1.37008551746425,79551.7605925392,55894.7353323711,110776.449601638
CT,2020-04-08,0,9977.26395201859,6487.79770113153,14579.3442566316,49,44.429952155294,34.2932185393665,57.3532860162764,1.0509666154784,0.779900648627674,1.36433550994714,80415.8560183283,56726.2036569567,111742.584306147
CT,2020-04-09,2003,10067.0606997592,6367.68930952591,15121.419713788,54,48.1658065777963,37.4060231843437,61.738995252403,1.04904305089909,0.778718656531894,1.36398965021494,81068.4380904541,57259.5858175067,112261.326808035
CT,2020-04-10,754,10123.9442684843,6223.19460438058,15552.1308583043,68,51.9164742994652,40.5506848450644,66.254116985693,1.04460338653444,0.776776378760396,1.35390370444655,81640.7610761807,57466.8601180451,112903.780823455
CT,2020-04-11,972,8148.93438130034,5409.34609521768,11596.3575527956,46,55.6185912169593,43.5314281829349,70.4910702534831,0.844480042809143,0.607289272546541,1.11211499958954,82191.1265844872,57626.2793212786,113993.784356911
CT,2020-04-12,525,8388.04604001636,5471.43604068895,12204.2635856823,60,59.2762826545038,46.4798582145065,74.9101330894177,0.867093500173611,0.608360324616804,1.16959474182886,82421.2623431924,57228.9422712285,115007.470463624
CT,2020-04-13,1346,8294.19650706115,5349.39085577115,12186.2069376882,48,62.8445860921293,49.303646640012,79.275923943968,0.862315667696145,0.611807138136998,1.15440857527778,81847.9452539329,56679.3408609695,114327.50690054
CT,2020-04-14,608,8004.42386253221,5143.34205184828,11711.1151855111,69,66.3006644464674,52.2234049415218,83.4456557160037,0.841897951817213,0.612661934992478,1.10105277270772,80714.8695344331,56014.3127272686,112871.896467416
CT,2020-04-15,766,7848.01551817369,4916.442331294,11709.9474130253,197,69.6201485167709,54.8527125389918,87.6356462661044,0.838868884937867,0.610069729781567,1.09939293745925,79243.8046429083,55064.6297156351,110245.572173806
CT,2020-04-16,1129,7696.94110996806,4696.54237507117,11692.2441986226,103,72.7638338591507,57.5259124595785,91.5026936017122,0.838456737007932,0.612072483091361,1.09676876565624,77559.3766791433,53868.9987202014,107553.613931764
CT,2020-04-17,925,7534.13212402382,4461.39861028484,11689.0158310022,65,75.6934497833955,60.085632677024,94.9334256833865,0.837783311046396,0.612449492927005,1.09619750183532,75776.4428723226,52337.9138950866,106208.224399676
CT,2020-04-18,741,6538.13886718865,4425.70840971315,9235.10854558801,50,78.4141414732,62.1207484150234,98.3519758068012,0.754704531488022,0.543936196926924,0.999771762950453,73975.7537071012,50501.7199524172,104167.030367134
CT,2020-04-19,412,6321.07727393343,4205.40486323395,9033.56674853212,41,80.876547487805,63.9069425810302,101.303407091444,0.748630524315706,0.53894065908353,0.993238984660313,72073.083984592,48794.7418350808,102138.605780885
CT,2020-04-20,1853,6148.65407609609,4030.48764341122,8872.26998451706,204,83.0868537968749,65.8198695777225,103.81216154432,0.750156809922083,0.541229530539442,0.992950342557857,69870.6164178558,47322.8373586274,98587.567739452
CT,2020-04-21,545,5974.57384110373,3845.44408947043,8778.85322782343,92,84.9937592269337,67.238560518436,106.629309465296,0.753532238681597,0.542616920982283,1.00015738035262,67451.1943115156,45749.3604563209,94914.8754632496
CT,2020-04-22,2109,5721.8687065219,3602.57284918441,8502.79201184672,121,86.6088635289822,68.4583086827919,108.672311814657,0.74764592074482,0.5398775957562,0.989152731730221,64952.7153542204,44409.271041883,91086.6699681917
CT,2020-04-23,631,5510.30840614127,3399.8655647954,8324.27527820702,95,87.9077955424852,69.389600223163,110.481707898865,0.746619189597255,0.539572759524821,0.987661382177301,62469.539391348,42810.8626884162,87455.357156952
CT,2020-04-24,836,5319.9011201295,3209.19691597943,8229.55051519929,128,88.928015486715,70.0683324434983,111.978216324672,0.747855756521437,0.539249802326705,0.986744077489018,60040.387300317,41325.1084097555,84372.2420424484
CT,2020-04-25,647,4726.5362803719,3228.02930788808,6713.546043635,98,89.6057369655077,70.4395412314823,112.851847468901,0.700938905722904,0.496048146031202,0.94170012533581,57692.128304258,39605.1439080393,80841.2437702559
CT,2020-04-26,686,4587.25526228896,3109.08111542447,6591.48166879262,59,90.0205822455204,70.7597102974051,113.939941453515,0.708081309356652,0.502475632996694,0.950834466556649,55379.9001358087,37773.9473742135,78039.3695463496
CT,2020-04-27,728,4379.68124062491,2934.46206634082,6369.97799246482,88,90.1208553097912,70.6279020466599,114.210890152465,0.705204255473793,0.500991467683234,0.944185687285292,53014.3576817204,36216.3026278043,74468.4142862692
CT,2020-04-28,315,4165.8359256462,2739.36184918722,6157.9461768416,75,89.925436758243,70.4654313588552,114.104559053928,0.700702642103016,0.496918187059924,0.937801094089406,50644.9325840562,34743.8484051786,71172.1606449591
CT,2020-04-29,455,3992.96742864891,2539.17175527646,5984.27158510891,82,89.4489958530416,70.037332861465,113.663153752087,0.702110182346473,0.498999291006486,0.937184546568901,48314.1475707152,33120.7645776682,67716.5860067252
CT,2020-04-30,933,3822.33802985779,2365.39614901607,5822.78606139152,88,88.7426336918712,69.4892986249538,113.086585359931,0.703038026625056,0.49868424794635,0.939262774454893,46051.0966677109,31625.5103373539,64363.4027994874
CT,2020-05-01,1064,3629.81834523629,2167.25372884887,5635.28917996972,82,87.7720222189722,68.5610319532416,111.863326405716,0.698625785120515,0.49626499428163,0.931907623109992,43881.3016192639,30208.2591919078,61368.7660658721
CT,2020-05-02,523,3287.94952251499,2198.37977110007,4725.8885203827,97,86.596910835761,67.5902565132328,110.222697713198,0.671981835813387,0.482799167102566,0.908169688834983,41813.7554954667,28669.3678015229,58763.2512888922
CT,2020-05-03,0,3127.10773070128,2070.09434775531,4536.28558462363,0,85.2240840024853,66.4669888294733,108.683899859828,0.670789528901573,0.481542815546989,0.906240371916357,39816.5692366235,27324.1066134808,56034.3918224067
CT,2020-05-04,686,2995.07156570107,1949.06323501571,4367.42268257012,120,83.6534821260883,65.258688984063,106.598445046377,0.674823232005703,0.485592136127098,0.903371359273871,37842.4876316729,26028.2513984744,53618.5769137358
CT,2020-05-05,648,2834.92857923274,1809.33764361081,4187.44696939919,77,81.9229776083738,63.9409171112883,104.532037573705,0.671772114691758,0.48380039760387,0.902110215872451,35910.2867952034,24860.6708973281,50848.3010766365
CT,2020-05-06,374,2711.53322877417,1698.53259852879,4054.68239876913,85,80.051589459988,62.4753175497709,102.129621718764,0.675832407481677,0.4863856794929,0.908365372676115,34047.9168272175,23541.2274749632,48019.1915175733
CT,2020-05-07,789,2564.07514109233,1570.58073207856,3900.51391653868,79,78.0710613792551,60.8605865513604,99.5184805054828,0.672450321294811,0.485501324701784,0.900837354148927,32270.0752358057,22303.0994120297,45333.0598947098
CT,2020-05-08,627,2442.57797222664,1454.30208153514,3819.25727547091,77,75.9818725460729,59.3357838865984,96.7663541787805,0.673839963949122,0.484817413099858,0.904424511165992,30586.2319268858,21091.3608179081,42977.9507031144
CT,2020-05-09,573,2218.68616577385,1491.21223323851,3157.63519166715,58,73.8012198487908,57.6183567489047,93.7455744773101,0.65389383304694,0.469677947400523,0.878647893662892,28994.2687480358,19924.4477538511,40985.7453984751
CT,2020-05-10,570,2101.01238281434,1389.60953328442,3035.5550051509,35,71.5669448875905,55.9793241661154,90.5938983029875,0.652952229042718,0.468422686588383,0.881212105594562,27476.9927648723,18784.2714458239,39117.8796730015
CT,2020-05-11,211,2020.38525813851,1324.96664552054,2927.52032059284,41,69.2666796836847,54.1650505284589,87.7918641045649,0.662458185748687,0.477112443427924,0.886882965782225,26003.7345648538,17695.1973758218,36972.0303114976
CT,2020-05-12,568,1902.86132572655,1218.48247111052,2820.003642891,33,66.9386581150924,52.408222740418,84.5917798248238,0.658567298146264,0.473506412904217,0.880518924233755,24584.1050513457,16796.133757895,34932.2416487029
CT,2020-05-13,522,1801.2022626703,1122.40726459637,2731.50201026973,84,64.5810844419492,50.6210799961211,81.6437662422261,0.657889632706259,0.472455840123077,0.880207822919392,23234.8904313721,16012.2043082505,32832.234738513
CT,2020-05-14,609,1706.0034035102,1042.66153075254,2629.24324010081,94,62.2302369643608,48.7525038246045,78.5026628708405,0.657510506865542,0.472259816796846,0.879492024491322,21957.2523640755,15137.0966798909,31005.7607792026
CT,2020-05-15,621,1618.20514674762,969.612165528022,2539.98409499886,66,59.8738724564203,46.909847035007,75.3786110259298,0.65798828074255,0.473141623795177,0.879130935354418,20750.5382029563,14309.0972820398,29276.6362393537
CT,2020-05-16,618,1474.1715604312,977.817969753564,2111.99451632972,54,57.5331931841488,45.0953343116851,72.4644281666929,0.64291972129138,0.444982628542135,0.885003135840785,19613.3362960024,13476.2078645381,27667.6320168642
CT,2020-05-17,716,1394.71826438109,911.147104314215,2031.54973184349,69,55.2125310599607,43.3311152216667,69.7276778801779,0.643134938713763,0.444384656812635,0.883255242850481,18534.2936097851,12675.7452406477,26396.5666369779
CT,2020-05-18,697,1326.00721116421,855.676565165401,1956.72113504549,42,52.9203338256941,41.5760697677289,66.8157263364597,0.646650835050896,0.446679440652785,0.88704906476344,17494.9951734276,11947.7537696735,24832.8564763237
CT,2020-05-19,314,1250.45487923864,783.890080547328,1876.63225065161,22,50.6706674177082,39.8523099529364,63.8396664265215,0.644982468997011,0.445253398982741,0.883703647003892,16499.2111330725,11257.0214384931,23465.0751168372
CT,2020-05-20,587,1179.43771838495,718.977767506484,1813.98844700841,57,48.4583084706468,38.0980575128661,61.0063524879097,0.643370206963015,0.444149804007288,0.880928341597346,15553.8319959153,10618.0966673631,21964.8824932346
CT,2020-05-21,191,1114.97035583802,662.754696237461,1770.77007109022,54,46.3082756925941,36.3662467914426,58.3347046090879,0.643125412347476,0.44403705043669,0.880413294836634,14660.2495648593,10040.5579282505,20621.5275126247
CT,2020-05-22,432,1054.21167808693,605.008539084232,1714.37845217734,54,44.2082356345728,34.6726077376794,55.6882051718422,0.642893228735612,0.443934855846172,0.879949376439529,13817.922649775,9506.00120620103,19331.9888508487
CT,2020-05-23,382,969.766134234872,640.736146025186,1394.89161248174,38,42.1609794633598,33.183885879124,53.1878134513729,0.635888609880965,0.451274299220921,0.86895188545289,13025.8926686631,8879.6935511621,18241.4814359905
CT,2020-05-24,446,906.99329319876,586.746434784592,1332.65023182913,18,40.1775830361776,31.6231610991437,50.77317099756,0.630429547416204,0.442438989639665,0.865637706262221,12278.2071106345,8314.36815209689,17353.7644556618
CT,2020-05-25,405,883.4608961419,541.051513413721,1349.93924011594,49,38.2563747523,30.0920108666508,48.4709085252189,0.650852791927331,0.438532725522337,0.911816865936843,11564.2742440341,7807.77504669568,16467.2219352486
CT,2020-05-26,430,816.498709859501,508.409415855698,1232.84429647792,27,36.3968536004921,28.6509063906366,46.1764888709177,0.637511594187224,0.448864991821832,0.869585172100199,10886.3835223188,7334.47247831037,15636.4186760877
CT,2020-05-27,0,769.163889589898,466.961671951127,1185.8958316525,34,34.6028441055904,27.2245076585115,43.8754893476899,0.635966583925568,0.449951842795691,0.868663685930213,10251.1496420718,6909.18706113455,14643.3879459298
CT,2020-05-28,271,727.284122872876,427.366563772546,1147.80813867519,23,32.8784403342503,25.7865192392676,41.6218897374294,0.636630077558414,0.450167089996375,0.86735092788569,9652.60909436496,6482.77789239659,13812.2257303932
CT,2020-05-29,203,688.096040142911,392.697290247334,1119.22291263403,42,31.2188426403323,24.488668478005,39.4564483935082,0.63759722805116,0.448869847938988,0.870133156722531,9088.55990440856,6101.0484606352,12959.0176688986
CT,2020-05-30,260,632.932895504502,421.034647809486,911.864005537445,44,29.6217078595136,23.2279646326593,37.4451510101024,0.632868541337857,0.44480907182855,0.858840689572821,8558.54282992472,5684.50872713209,12245.9018924031
CT,2020-05-31,179,595.555681113623,390.563980509258,866.911624363701,32,28.0918632323348,22.039023281487,35.4337842436595,0.632016899635874,0.443048503133069,0.85744306570482,8059.09420771324,5318.02754124965,11613.2274710746
CT,2020-06-01,539,565.681658437616,364.666020551612,838.403348117773,26,26.6258492192431,20.9025116823263,33.5950245188455,0.636716095676074,0.446668940476109,0.85931600224418,7583.97903224167,5017.85218985078,10947.6462820652
CT,2020-06-02,239,533.877802118947,336.593168512685,801.833791312225,2,25.2233881201527,19.8530145051657,31.8002273678579,0.637413580836204,0.446520381501678,0.86049515385607,7133.30296386003,4738.62582821271,10335.7390326422
CT,2020-06-03,112,502.307810565082,309.751514850427,770.00257750326,17,23.8818462660098,18.8113528468116,30.1522869764915,0.635957108844175,0.446434242466526,0.859047441200404,6709.00842867335,4468.77566279053,9680.12744908605
CT,2020-06-04,148,473.452356581953,286.449294421755,736.139765744324,18,22.6043124049185,17.7743738316548,28.5911921325266,0.635326443560879,0.447132026810601,0.85939824494402,6310.89938315492,4222.51916459716,9074.73216418366
CT,2020-06-05,221,448.971194839154,263.399794115009,715.704379444533,31,21.3828279312464,16.828976005431,27.0739453317641,0.638208968981423,0.447041942717162,0.863211053882173,5937.54819056021,3969.90246463684,8567.96385444568
CT,2020-06-06,358,428.923277603241,283.20765344269,618.1752773464,17,20.2191441432143,15.9024757870669,25.5527584966803,0.657748059701555,0.461851643382492,0.897465907636184,5587.91481869873,3731.89780429013,8075.51441427937
CT,2020-06-07,150,403.539216495761,263.304157057411,589.311645332342,16,19.1118486969543,15.0448095337847,24.2404934371272,0.656689533733129,0.460371357117232,0.896959632283123,5262.068232293,3513.97297109597,7633.64861883768
CT,2020-06-08,124,383.992195172317,248.179380247521,566.482596596999,13,18.0587890242376,14.1359821410501,22.9090660913029,0.661701696569629,0.466020734543939,0.901087833165987,4959.47074098547,3318.72292372765,7167.2043123368
CT,2020-06-09,87,363.012208297451,230.151720512485,543.197371902873,13,17.0573410439638,13.3237313666916,21.6063107395171,0.661620097715118,0.465969234288793,0.900963244076669,4677.85098866273,3143.52399188766,6724.82648311761
CT,2020-06-10,168,343.763314158028,213.421767319935,526.478105651258,23,16.1062245929117,12.5807643646963,20.3503233249201,0.661814518651493,0.466194411725831,0.902026804911499,4415.64928792122,2984.21194566153,6320.20405948664
CT,2020-06-11,114,327.539958421197,198.562428250433,509.777159341176,26,15.2045962800912,11.8977149043663,19.2397637677434,0.665421624954191,0.467287286843238,0.907695808898298,4170.84065871052,2825.72170980191,5932.40505285971
CT,2020-06-12,228,308.962048929838,183.504877856787,495.412927235161,13,14.3487682644804,11.2143382652664,18.1457958038562,0.661944131718983,0.466565562744276,0.901907785636264,3942.01251991258,2679.73328649882,5588.21145559493
CT,2020-06-13,305,315.93633824072,209.486798194697,465.588320518075,27,13.5377087620577,10.5443826890385,17.1062222709276,0.723988841335467,0.512671941828817,0.97407863328499,3728.00329185966,2527.15636705348,5287.88953938158
CT,2020-06-14,94,299.589668252257,196.049786416098,446.482054639328,15,12.7707056119074,9.92042027771096,16.2078030805263,0.72418162537705,0.513564653843823,0.974885783913306,3530.61731917418,2375.08451185603,5048.41537626942
CT,2020-06-15,147,287.386585841766,185.133681219501,433.393017354466,3,12.0451458151563,9.33269141627821,15.3051231134869,0.729793774837443,0.520709980023267,0.975894412216318,3354.35552543873,2267.58675653454,4778.53587241268
CT,2020-06-16,114,274.354821155375,172.970019206496,421.997875431583,6,11.3592818255795,8.77609890102531,14.4627499217646,0.729425960910386,0.521214200622679,0.974895907214615,3195.86105999767,2161.35837167336,4565.16413636856
CT,2020-06-17,80,262.588630890961,160.860709038697,414.391838033724,9,10.711343896744,8.25631415640021,13.6713555721661,0.729062817046223,0.521311042178102,0.974433656669406,3051.33795570769,2074.21234940688,4359.02155828307
CT,2020-06-18,11,251.840836591294,150.460372330808,405.401317503169,7,10.1009130026115,7.77202173521071,12.9142050290245,0.729000843539024,0.521282868179522,0.974312431298156,2917.42399483987,1988.78581639078,4164.88067974677
CT,2020-06-19,117,242.169948089992,140.668777207339,398.734878038985,12,9.52536047506748,7.30534165646068,12.1795812350258,0.730145546349467,0.521068265550076,0.976417254570268,2791.88832845027,1900.08250505825,3986.6145385515
CT,2020-06-20,158,277.493686156047,178.29653751765,421.317971852223,13,8.98321259619238,6.90136769800515,11.5159382951506,0.881955647635318,0.657217619463009,1.14515079110227,2673.47854871214,1802.17128630013,3871.99587939201
CT,2020-06-21,40,266.964760327396,167.832629722554,409.810358720715,9,8.47383016492155,6.50575067782503,10.8354743411341,0.882497348194174,0.658393837787927,1.1451096904633,2568.45105470447,1722.29348919809,3783.8837552386
CT,2020-06-22,27,262.158055998572,162.44500982394,406.06886600879,3,7.9958087110949,6.13673719869788,10.2462429754718,0.893744934906441,0.669364986919088,1.1461448511081,2487.35908792633,1663.79834155784,3680.63924826257
CT,2020-06-23,117,255.676056258669,155.423730014872,401.862930902616,14,7.54692188275768,5.79303092781175,9.65521602966479,0.892187186824282,0.669406831709306,1.14446951201489,2425.06311419019,1612.11108292539,3607.95209265452
CT,2020-06-24,14,251.092067765881,148.340856996876,398.847646952214,10,7.12621602778142,5.47188823958805,9.12354110234072,0.892481441896443,0.669512841971285,1.14396581389229,2375.18765560473,1579.01867781719,3515.51963959035
CT,2020-06-25,81,246.888754620532,142.505666371659,396.653197475349,11,6.73345506286016,5.17984187915721,8.63643724778755,0.891311743544806,0.669901744696941,1.14179130419231,2332.44408291205,1537.29908700213,3472.26239595015
CT,2020-06-26,65,244.280096715974,136.935061049683,400.862507842189,9,6.36618041526335,4.90086010375948,8.16076488081643,0.894583801881109,0.668167348514335,1.14906589295231,2293.67557272914,1497.57906261644,3441.05808269576
CT,2020-06-27,147,250.768948484799,152.891990249015,392.446624298673,4,6.02426943218601,4.65087400640711,7.77253733087802,0.941914158343699,0.714322327793305,1.2069188581146,2257.33471970105,1454.56456006811,3423.6050630745
CT,2020-06-28,97,246.313838464889,148.220684921227,391.665544325829,5,5.70639159800037,4.39982168902951,7.37796200930642,0.938351864848347,0.707806026693376,1.20221817422452,2224.43640632387,1418.36945575664,3396.23253753796
CT,2020-06-29,59,245.651024970538,144.619165676154,391.750566094838,4,5.41192496873373,4.16675860975763,6.98595466973044,0.946585342327813,0.716033494948666,1.2180130861755,2196.86866053479,1389.16838476695,3371.42444243408
CT,2020-06-30,152,243.161358185898,140.403802138013,393.567539076339,2,5.13952567532661,3.95578484686045,6.62204543337003,0.945368814886729,0.715832427503953,1.21295972993945,2173.34582008793,1374.94046359082,3341.43662223471
CT,2020-07-01,58,240.830430743827,136.600465335907,398.11650279766,2,4.88798095853915,3.76823370844202,6.2976567106424,0.943063938009739,0.716430307580733,1.20704004257415,2152.90941876857,1356.48818012568,3322.32063381281
CT,2020-07-02,74,237.837757226072,131.978939877113,401.780438609755,2,4.65668536224167,3.59243398139468,6.00153160528515,0.937048852676264,0.707908585965488,1.20047153289361,2134.3560507366,1340.11826471204,3290.24443822845
CT,2020-07-03,71,238.992723743823,128.881162744113,409.462356509473,9,4.44435024166533,3.41586906334265,5.7374025733022,0.947448883732581,0.716072162774946,1.21899877430505,2116.6582164329,1314.20263932216,3301.82962114349
CT,2020-07-04,0,242.415161314272,140.409245554183,386.108135856368,0,4.24979612643052,3.26288583395332,5.5191181594251,0.980407520895362,0.744162065492744,1.26521265026464,2099.57461982478,1279.22317883552,3275.65737005376
CT,2020-07-05,0,238.165331027199,138.710932381652,383.097848641746,0,4.07198400426713,3.11676101583248,5.32166326568863,0.969626104660217,0.739433850440273,1.23263760896337,2084.58185346282,1258.94534279013,3292.62514278756
CT,2020-07-06,259,237.528967521752,136.348484570454,387.103553491189,3,3.91026450065314,2.9770204426053,5.14305385700818,0.971806777358111,0.742003538021271,1.23663543413385,2072.37017573921,1244.43318454569,3284.26799469551
CT,2020-07-07,57,236.943413538608,133.736499261762,390.630310860157,0,3.76300485752176,2.85800134065422,4.9608864373089,0.972886461671518,0.740745856431658,1.23955970923655,2061.51319304566,1236.64267698641,3262.90883711182
CT,2020-07-08,75,236.553884982592,130.819232745791,395.357186810546,5,3.62930609110106,2.74922497741779,4.81873986704363,0.973983727897653,0.741995125478305,1.24074951051405,2051.56061926576,1230.28741578523,3248.27169890616
CT,2020-07-09,101,235.292197899482,128.41511258557,401.122059693251,5,3.50831349156483,2.65262567435976,4.6839232676785,0.970825265975757,0.740417764319673,1.23293678336944,2042.41854767061,1229.37837106776,3240.30908093104
CT,2020-07-10,78,236.446534774563,125.980907591469,408.874906239494,0,3.39904212421408,2.55111166284532,4.56343010621075,0.977455521538107,0.742026069237855,1.25414624440249,2033.96584255113,1212.00646061653,3248.53538752396
CT,2020-07-11,0,234.826543858294,127.828335606681,398.524872305306,0,3.30030439325844,2.46016867019712,4.44910811452448,0.983771938839493,0.689850920804857,1.34892408619567,2026.21114419892,1194.09112610614,3239.50290757269
CT,2020-07-12,0,233.896859675897,126.030721212969,402.883006478492,0,3.21101321860581,2.37376628675258,4.35335322546395,0.982349200667851,0.688951068792115,1.35081945919493,2019.39729090043,1175.52172505815,3249.44757605832
CT,2020-07-13,223,235.448658814019,125.700095414311,410.122324802695,23,3.13091290671616,2.28547494802113,4.27440714931947,0.990071960773315,0.702308657980947,1.35410326059789,2013.02175413825,1174.42068000352,3250.40732364499
CT,2020-07-14,20,235.363116160521,122.394639535399,419.188017947558,1,3.05876878969906,2.20795453507871,4.19177727283558,0.989621255698079,0.701550091053114,1.35352616516267,2007.14325468603,1175.17768627062,3256.79893122056
CT,2020-07-15,106,235.446438361161,118.524530679502,429.234825390114,8,2.9941369576597,2.14276117503712,4.14585674281515,0.98880140412126,0.70106696666944,1.35253243024604,2002.33581456407,1166.06931015729,3264.36119453561
CT,2020-07-16,114,235.888648120439,115.147068922202,438.316615851245,9,2.93580270664814,2.07676988573597,4.10280694847068,0.988725173503066,0.701025693654319,1.35236951566697,1998.60460766722,1150.26086753558,3288.8233530531
CT,2020-07-17,143,237.241687909827,112.378669244978,452.155956236237,7,2.88381990965324,2.0240543318764,4.06550964672186,0.99205716269369,0.703017158305583,1.35299493706234,1995.88069032136,1137.62845744483,3334.70218713016
CT,2020-07-18,0,240.47377781702,101.709667978238,477.655901142004,0,2.83716259461761,1.96588232020258,4.01493321308062,1.00824215400939,0.606708695419386,1.52484921825361,1994.29544855945,1123.84676987285,3350.32560173485
CT,2020-07-19,0,240.987412453138,98.3212127929933,488.161751334733,0,2.79527179461098,1.90908519921983,3.99241290404043,1.00677333759357,0.604328978740646,1.52221867000435,1994.46465700424,1104.10706567859,3409.66078449622
CT,2020-07-20,162,243.459838506883,96.0519135201509,506.826895373878,10,2.75802838627304,1.86718448698457,3.96487791133104,1.01098228940875,0.611080228553748,1.51884078089792,1996.91680407686,1078.3291715297,3438.14297448604
