county,date,location_id,allbed_mean,allbed_lower,allbed_upper,ICUbed_mean,ICUbed_lower,ICUbed_upper,InvVen_mean,InvVen_lower,InvVen_upper,admis_mean,admis_lower,admis_upper,newICU_mean,newICU_lower,newICU_upper,bedover_mean,bedover_lower,bedover_upper,icuover_mean,icuover_lower,icuover_upper,deaths_mean,deaths_lower,deaths_upper,totdea_mean,totdea_lower,totdea_upper,deaths_mean_smoothed,deaths_lower_smoothed,deaths_upper_smoothed,totdea_mean_smoothed,totdea_lower_smoothed,totdea_upper_smoothed,mobility_data_type,mobility_composite,total_tests_data_type,total_tests,confirmed_infections,est_infections_mean,est_infections_lower,est_infections_upper
Connecticut,2020-02-04,529,0,0,0,0,0,0,0,0,0,0,0,0,0,0,0,0,0,0,0,0,0,0,0,0,0,0,0,0,0,0,0,0,0,"",,"",,,0,0,0
Connecticut,2020-02-05,529,0,0,0,0,0,0,0,0,0,0,0,0,0,0,0,0,0,0,0,0,0,0,0,0,0,0,0,0,0,0,0,0,0,"",,"",,,0,0,0
Connecticut,2020-02-06,529,0,0,0,0,0,0,0,0,0,0,0,0,0,0,0,0,0,0,0,0,0,0,0,0,0,0,0,0,0,0,0,0,0,"",,"",,,0,0,0
Connecticut,2020-02-07,529,0,0,0,0,0,0,0,0,0,0,0,0,0,0,0,0,0,0,0,0,0,0,0,0,0,0,0,0,0,0,0,0,0,"",,"",,,0,0,0
Connecticut,2020-02-08,529,0,0,0,0,0,0,0,0,0,0,0,0,0,0,0,0,0,0,0,0,0,0,0,0,0,0,0,0,0,0,0,0,0,observed,-1.91701632272222,"",,,0,0,0
Connecticut,2020-02-09,529,0,0,0,0,0,0,0,0,0,0,0,0,0,0,0,0,0,0,0,0,0,0,0,0,0,0,0,0,0,0,0,0,0,observed,-1.43066966461274,"",,,0,0,0
Connecticut,2020-02-10,529,0,0,0,0,0,0,0,0,0,0,0,0,0,0,0,0,0,0,0,0,0,0,0,0,0,0,0,0,0,0,0,0,0,observed,-0.858614824521116,"",,,0,0,0
Connecticut,2020-02-11,529,0,0,0,0,0,0,0,0,0,0,0,0,0,0,0,0,0,0,0,0,0,0,0,0,0,0,0,0,0,0,0,0,0,observed,-0.27590942508143,"",,,0,0,0
Connecticut,2020-02-12,529,0,0,0,0,0,0,0,0,0,0,0,0,0,0,0,0,0,0,0,0,0,0,0,0,0,0,0,0,0,0,0,0,0,observed,0.246119483514502,"",,,0,0,0
Connecticut,2020-02-13,529,0,0,0,0,0,0,0,0,0,0,0,0,0,0,0,0,0,0,0,0,0,0,0,0,0,0,0,0,0,0,0,0,0,observed,0.651353146452077,"",,,0,0,0
Connecticut,2020-02-14,529,0,0,0,0,0,0,0,0,0,0,0,0,0,0,0,0,0,0,0,0,0,0,0,0,0,0,0,0,0,0,0,0,0,observed,0.913201005570272,"",,,0,0,0
Connecticut,2020-02-15,529,0,0,0,0,0,0,0,0,0,0,0,0,0,0,0,0,0,0,0,0,0,0,0,0,0,0,0,0,0,0,0,0,0,observed,1.04739390613923,"",,,0,0,0
Connecticut,2020-02-16,529,0,0,0,0,0,0,0,0,0,0,0,0,0,0,0,0,0,0,0,0,0,0,0,0,0,0,0,0,0,0,0,0,0,observed,1.11152582529754,"",,,3.43065226044533,0,25.8370887721428
Connecticut,2020-02-17,529,0,0,0,0,0,0,0,0,0,0,0,0,0,0,0,0,0,0,0,0,0,0,0,0,0,0,0,0,0,0,0,0,0,observed,1.19872060054364,"",,,7.95675841498093,0,29.5458250113013
Connecticut,2020-02-18,529,0,0,0,0,0,0,0,0,0,0,0,0,0,0,0,0,0,0,0,0,0,0,0,0,0,0,0,0,0,0,0,0,0,observed,1.3916019604661,"",,,12.5673038969628,0,34.5335570449014
Connecticut,2020-02-19,529,0,0,0,0,0,0,0,0,0,0,0,0,0,0,0,0,0,0,0,0,0,0,0,0,0,0,0,0,0,0,0,0,0,observed,1.69246771225963,"",,,18.2450639550391,0,41.5023046750856
Connecticut,2020-02-20,529,0,0,0,0,0,0,0,0,0,0,0,0,0,0,0,0,0,0,0,0,0,0,0,0,0,0,0,0,0,0,0,0,0,observed,2.03149624002267,"",,,25.0651872273887,8.82127290814045,49.9526917405346
Connecticut,2020-02-21,529,0,0,0,0,0,0,0,0,0,0,0,0,0,0,0,0,0,0,0,0,0,0,0,0,0,0,0,0,0,0,0,0,0,observed,2.32219414361698,"",,,29.6304900186138,11.7788320621195,60.6134533024914
Connecticut,2020-02-22,529,0,0,0,0,0,0,0,0,0,0,0,0,0,0,0,0,0,0,0,0,0,0,0,0,0,0,0,0,0,0,0,0,0,observed,2.49336350299553,"",,,35.1622429260283,14.8321563937887,72.8126448321446
Connecticut,2020-02-23,529,0,0,0,0,0,0,0,0,0,0,0,0,0,0,0,0,0,0,0,0,0,0,0,0,0,0,0,0,0,0,0,0,0,observed,2.5058655573308,"",,,41.8383144590818,18.5508516030627,87.458011990365
Connecticut,2020-02-24,529,0,0,0,0,0,0,0,0,0,0,0,0,0,0,0,0,0,0,0,0,0,0,0,0,0,0,0,0,0,0,0,0,0,observed,2.37582888355125,"",,,49.8714583743531,22.2222196106918,104.39579293013
Connecticut,2020-02-25,529,0,0,0,0,0,0,0,0,0,0,0,0,0,0,0,0,0,0,0,0,0,0,0,0,0,0,0,0,0,0,0,0,0,observed,2.17159714729236,"",,,59.520680374448,27.2085442655065,122.815353004225
Connecticut,2020-02-26,529,0,0,0,0,0,0,0,0,0,0,0,0,0,0,0,0,0,0,0,0,0,0,0,0,0,0,0,0,0,0,0,0,0,observed,1.96844251557578,"",,,71.1061442524877,31.514404444311,144.469618416157
Connecticut,2020-02-27,529,0,0,0,0,0,0,0,0,0,0,0,0,0,0,0,0,0,0,0,0,0,0,0,0,0,0,0,0,0,0,0,0,0,observed,1.81350529550107,"",,,85.0268272619196,36.9304174489464,170.726809844493
Connecticut,2020-02-28,529,0,0,0,0,0,0,0,0,0,0,0,0,0,0,0,0,0,0,0,0,0,0,0,0,0,0,0,0,0,0,0,0,0,observed,1.72259285554143,"",,,101.782090147699,42.9383851665736,203.245025820188
Connecticut,2020-02-29,529,0,0,0,0,0,0,0,0,0,0,0,0,0,0,0,0,0,0,0,0,0,0,0,0,0,0,0,0,0,0,0,0,0,observed,1.6806593917273,"",,,121.998062750061,51.7812968165409,239.216947597573
Connecticut,2020-03-01,529,0,0,0,0,0,0,0,0,0,0,0,0,0,0,0,0,0,0,0,0,0,0,0,0,0,0,0,0,0,0,0,0,0,observed,1.66561367683198,"",,,146.458002313675,61.5200696943671,281.897361305271
Connecticut,2020-03-02,529,0.4,0.4,0.4,0.2,0.2,0.2,0.2,0.2,0.2,0.4,0.4,0.4,0.2,0.2,0.2,0,0,0,0,0,0,0,0,0,0,0,0,0,0,0,0,0,0,observed,1.68908157850514,"",,,176.136915342909,73.7949020151609,331.260662889802
Connecticut,2020-03-03,529,0.8,0.8,0.8,0.4,0.4,0.4,0.4,0.4,0.4,0.4,0.4,0.4,0.2,0.2,0.2,0,0,0,0,0,0,0,0,0,0,0,0,0,0,0,0,0,0,observed,1.7682220584907,"",,,212.238895957738,89.9392232855432,391.634180758302
Connecticut,2020-03-04,529,1.3,1.3,1.3,0.6,0.6,0.6,0.6,0.6,0.6,0.5,0.5,0.5,0.2,0.2,0.2,0,0,0,0,0,0,0,0,0,0,0,0,0,0,0,0,0,0,observed,1.88830832774921,"",,,256.236250332669,109.145179531433,464.232901961774
Connecticut,2020-03-05,529,1.9,1.9,1.9,0.9,0.9,0.9,0.9,0.9,0.9,0.6,0.6,0.6,0.3,0.3,0.3,0,0,0,0,0,0,0,0,0,0,0,0,0,0,0,0,0,0,observed,1.98923487546604,"",,,309.911284799014,134.966711648742,549.23355445704
Connecticut,2020-03-06,529,2.6,2.6,2.6,1.2,1.2,1.2,1.2,1.2,1.2,0.7,0.7,0.7,0.3,0.3,0.3,0,0,0,0,0,0,0,0,0,0,0,0,0,0,0,0,0,0,observed,1.96699170811188,"",,,375.399350836269,167.623747867737,650.539342918286
Connecticut,2020-03-07,529,3.4,3.4,3.4,1.6,1.6,1.6,1.6,1.6,1.6,0.8,0.8,0.8,0.4,0.4,0.4,0,0,0,0,0,0,0,0,0,0,0,0,0.170037980561631,0.170037980561631,0.170037980561631,0.170037980561631,0.170037980561631,0.170037980561631,observed,1.686161229384,observed,13.6289506105179,2,455.222125881408,205.751777386624,776.842252681999
Connecticut,2020-03-08,529,4.2,4.2,4.2,1.9,1.9,1.9,1.9,1.9,1.9,1,1,1,0.5,0.5,0.5,0,0,0,0,0,0,0,0,0,0,0,0,0.198793660525696,0.198793660525696,0.198793660525696,0.368831641087327,0.368831641087327,0.368831641087327,observed,0.998086372026691,observed,16.0557767270052,0,552.311876442954,256.197238949882,927.667892587351
Connecticut,2020-03-09,529,5,5,5,2.3,2.3,2.3,2.3,2.3,2.3,1.2,1.2,1.2,0.6,0.6,0.6,0,0,0,0,0,0,0,0,0,0,0,0,0.234081856670728,0.234081856670728,0.234081856670728,0.602913497758055,0.602913497758055,0.602913497758055,observed,-0.222555842637231,observed,19.3617957768219,0,670.014925930204,324.602848271505,1097.03087235929
Connecticut,2020-03-10,529,6,6,6,2.7,2.7,2.7,2.7,2.7,2.7,1.4,1.4,1.4,0.7,0.7,0.7,0,0,0,0,0,0,0,0,0,0,0,0,0.277118478637265,0.277118478637265,0.277118478637265,0.88003197639532,0.88003197639532,0.88003197639532,observed,-2.05231958868517,observed,24.0132274548269,1,812.060234143711,405.252350765794,1301.86822642094
Connecticut,2020-03-11,529,7.2,7.2,7.2,3.3,3.3,3.3,3.2,3.2,3.2,1.7,1.7,1.7,0.8,0.8,0.8,0,0,0,0,0,0,0,0,0,0,0,0,0.32932859525422,0.32932859525422,0.32932859525422,1.20936057164954,1.20936057164954,1.20936057164954,observed,-4.51530401016585,observed,30.8251082630934,0.999999999999998,982.485144728936,513.27048755735,1560.22392039134
Connecticut,2020-03-12,529,8.6,8.6,8.6,3.9,3.9,3.9,3.9,3.9,3.9,2,2,2,1,1,1,0,0,0,0,0,0,0,0,0,0,0,0,0.3923812822597,0.3923812822597,0.3923812822597,1.60174185390924,1.60174185390924,1.60174185390924,observed,-7.58763018755134,observed,41.2475720867464,2,1185.49504203226,640.767597251243,1856.82059985914
Connecticut,2020-03-13,529,10.3,10.3,10.3,4.7,4.7,4.7,4.6,4.6,4.6,2.4,2.4,2.4,1.2,1.2,1.2,0,0,0,0,0,0,0,0,0,0,0,0,0.4682435481742,0.4682435481742,0.4682435481742,2.06998540208344,2.06998540208344,2.06998540208344,observed,-11.1968508577382,observed,57.7505341818014,6.00000000000001,1425.26117337733,789.43427303856,2208.59663928541
Connecticut,2020-03-14,529,12.3,12.3,12.3,5.6,5.6,5.6,5.5,5.5,5.5,2.9,2.9,2.9,1.4,1.4,1.4,0,0,0,0,0,0,0,0,0,0,0,0,0.55926997605694,0.55926997605694,0.55926997605694,2.62925537814038,2.62925537814038,2.62925537814038,observed,-15.2256778628976,observed,84.1717013307128,11,1705.66786156088,982.682315557912,2613.0805164325
Connecticut,2020-03-15,529,14.7,14.7,14.7,6.7,6.7,6.7,6.6,6.6,6.6,3.5,3.5,3.5,1.7,1.7,1.7,0,0,0,0,0,0,0,0,0,0,0,0,0.668355133211321,0.668355133211321,0.668355133211321,3.2976105113517,3.2976105113517,3.2976105113517,observed,-19.5281703493045,observed,125.607497497221,1.99999999999999,2030.0029006687,1211.65342885001,3092.61655609228
Connecticut,2020-03-16,529,17.7,17.7,17.7,8.1,8.1,8.1,7.9,7.9,7.9,4.2,4.2,4.2,2,2,2,0,0,0,0,0,0,0,0,0,0,0,0,0.79915144592903,0.79915144592903,0.79915144592903,4.09676195728073,4.09676195728073,4.09676195728073,observed,-23.9332747870345,observed,187.136155953524,6.00000000000002,2400.58596157453,1458.77825882166,3627.93590089717
Connecticut,2020-03-17,529,21.3,21.3,21.3,9.7,9.7,9.7,9.5,9.5,9.5,5.1,5.1,5.1,2.4,2.4,2.4,0,0,0,0,0,0,0,0,0,0,0,0,0.95627781293421,0.95627781293421,0.95627781293421,5.05303977021494,5.05303977021494,5.05303977021494,observed,-28.2626242256582,observed,271.193652156803,37.9999999999999,2818.38616029213,1756.73522436121,4200.31865542313
Connecticut,2020-03-18,529,25.6,25.6,25.6,11.7,11.7,11.7,11.5,11.5,11.5,6.2,6.2,6.2,2.9,2.9,2.9,0,0,0,0,0,0,0,0,0,0,0,0,1.14553340647548,1.14553340647548,1.14553340647548,6.19857317669042,6.19857317669042,6.19857317669042,observed,-32.3582233531712,observed,375.225054992467,0,3282.67434180212,2086.20865836437,4819.1859424841
Connecticut,2020-03-19,529,30.9,30.9,30.9,14.1,14.1,14.1,13.9,13.9,13.9,7.5,7.5,7.5,3.6,3.6,3.6,0,0,0,0,0,0,2,2,2,2,2,2,1.37416431884837,1.37416431884837,1.37416431884837,7.57273749553879,7.57273749553879,7.57273749553879,observed,-36.1048230385515,observed,492.288371030304,91.0000000000001,3790.71172806414,2454.48064828228,5518.49924977795
Connecticut,2020-03-20,529,37.3,37.3,37.3,17,17,17,16.8,16.8,16.8,9.1,9.1,9.1,4.3,4.3,4.3,0,0,0,0,0,0,1,1,1,3,3,3,1.65122904646103,1.65122904646103,1.65122904646103,9.22396654199982,9.22396654199982,9.22396654199982,observed,-39.4315124277704,observed,614.732113004386,35,4337.52528416941,2868.74873211103,6250.29691743632
Connecticut,2020-03-21,529,45.2,45.2,45.2,20.6,20.6,20.6,20.3,20.3,20.3,11,11,11,5.2,5.2,5.2,0,0,0,0,0,0,1,1,1,4,4,4,1.98802476521218,1.98802476521218,1.98802476521218,11.211991307212,11.211991307212,11.211991307212,observed,-42.3062908970288,observed,737.642864651368,0,4915.84228615856,3316.36974876122,6955.05160226173
Connecticut,2020-03-22,529,54.7,54.7,54.7,25,25,25,24.6,24.6,24.6,13.4,13.4,13.4,6.4,6.4,6.4,0,0,0,0,0,0,4,4,4,8,8,8,2.3984529862395,2.3984529862395,2.3984529862395,13.6104442934515,13.6104442934515,13.6104442934515,observed,-44.7260385509561,observed,859.388489500346,134,5516.24510157766,3786.97808651322,7725.56432207862
Connecticut,2020-03-23,529,66.4,66.4,66.4,30.3,30.3,30.3,29.8,29.8,29.8,16.2,16.2,16.2,7.7,7.7,7.7,0,0,0,0,0,0,2,2,2,10,10,10,2.8994343848606,2.8994343848606,2.8994343848606,16.5098786783121,16.5098786783121,16.5098786783121,observed,-46.704257279126,observed,979.942034376888,88.0000000000002,6127.5200604937,4287.52972449899,8430.03279339718
Connecticut,2020-03-24,529,80.5,80.5,80.5,36.8,36.8,36.8,36.2,36.2,36.2,19.7,19.7,19.7,9.4,9.4,9.4,0,0,0,0,0,0,2,2,2,12,12,12,3.5113352128979,3.5113352128979,3.5113352128979,20.02121389121,20.02121389121,20.02121389121,observed,-48.2722776627782,observed,1098.99964414758,204,6737.17468387902,4792.70199771175,9119.61559872548
Connecticut,2020-03-25,529,97.6,97.6,97.6,44.6,44.6,44.6,43.8,43.8,43.8,23.8,23.8,23.8,11.3,11.3,11.3,0,0,0,0,0,0,7,7,7,19,19,19,4.2584004373605,4.2584004373605,4.2584004373605,24.2796143285705,24.2796143285705,24.2796143285705,observed,-49.4825635598609,observed,1215.00051717614,258,7332.02278336131,5317.85081428462,9742.2403171194
Connecticut,2020-03-26,529,118.1,118.1,118.1,54,54,54,53,53,53,28.7,28.7,28.7,13.6,13.6,13.6,0,0,0,0,0,0,2,2,2,21,21,21,5.1690891277856,5.1690891277856,5.1690891277856,29.4487034563561,29.4487034563561,29.4487034563561,observed,-50.4014578407217,observed,1325.07856448801,138,7898.81410373647,5830.62861548561,10363.5961591358
Connecticut,2020-03-27,529,142.6,142.6,142.6,65.1,65.1,65.1,64,64,64,34.4,34.4,34.4,16.4,16.4,16.4,0,0,0,0,0,0,6,6,6,27,27,27,6.2760905015636,6.2760905015636,6.2760905015636,35.7247939579197,35.7247939579197,35.7247939579197,observed,-51.0999806335421,observed,1425.70553210779,280,8424.9004992352,6330.48697222993,10830.9958138632
Connecticut,2020-03-28,529,171.6,171.6,171.6,78.4,78.4,78.4,77.1,77.1,77.1,41.1,41.1,41.1,19.6,19.6,19.6,0,0,0,0,0,0,6,6,6,33,33,33,7.6161935191778,7.6161935191778,7.6161935191778,43.3409874770975,43.3409874770975,43.3409874770975,observed,-51.6422623860724,observed,1513.78302346939,234,8898.97449383318,6809.09960378133,11231.6487852572
Connecticut,2020-03-29,529,205.8,205.8,205.8,93.9,93.9,93.9,92.3,92.3,92.3,48.7,48.7,48.7,23.2,23.2,23.2,0,0,0,0,0,0,1,1,1,34,34,34,9.22972379539661,9.22972379539661,9.22972379539661,52.5707112724941,52.5707112724941,52.5707112724941,observed,-52.076884743896,observed,1587.80951790398,471,9311.72829038326,7243.24629805017,11768.901299756
Connecticut,2020-03-30,529,245.4,245.4,245.4,112,112,112,110,110,110,57.3,57.3,57.3,27.3,27.3,27.3,0,0,0,12,12,11.9839014496542,2,2,2,36,36,36,11.1592260505728,11.1592260505728,11.1592260505728,63.7299373230669,63.7299373230669,63.7299373230669,observed,-52.4351757668735,observed,1648.60034313419,579.999999999999,9656.39270926662,7586.61475291761,12116.2803711458
Connecticut,2020-03-31,529,291,291,291,132.7,132.7,132.7,130.3,130.3,130.3,67,67,67,31.9,31.9,31.9,0,0,0,32.7,32.7,32.6960632967264,33,33,33,69,69,69,13.4477446768511,13.4477446768511,13.4477446768511,77.177681999918,77.177681999918,77.177681999918,observed,-52.7383812752482,observed,1699.19990558788,559.000000000001,9929.04370029042,7867.24327856182,12344.8044880269
Connecticut,2020-04-01,529,342.7,342.7,342.7,156.2,156.2,156.2,153.3,153.3,153.3,77.5,77.5,77.5,37,37,37,0,0,0,56.2,56.2,56.1652227284853,16,16,16,85,85,85,16.1357203648761,16.1357203648761,16.1357203648761,93.3134023647941,93.3134023647941,93.3134023647941,observed,-53.001621925558,observed,1744.081836677,431,10128.5334999768,8106.16118165887,12494.6451047091
Connecticut,2020-04-02,529,400.6,400.6,400.6,182.4,182.4,182.4,179,179,179,88.9,88.9,88.9,42.4,42.4,42.4,0,0,0,82.4,82.4,82.3965298710044,27,27,27,112,112,112,19.2572807897609,19.2572807897609,19.2572807897609,112.570683154555,112.570683154555,112.570683154555,observed,-53.2376466421498,observed,1788.06389308915,268,10256.1870457069,8278.2274312452,12465.568947218
Connecticut,2020-04-03,529,464.5,464.5,464.5,211.3,211.3,211.3,207.2,207.2,207.2,101,101,101,48.2,48.2,48.2,0,0,0,111.3,111.3,111.28919636264,19,19,19,131,131,131,22.837749975572,22.837749975572,22.837749975572,135.408433130127,135.408433130127,135.408433130127,observed,-53.4581796799507,observed,1835.35813305092,1094,10315.4590690244,8342.7410747124,12494.9513500929
Connecticut,2020-04-04,529,534,534,534,242.6,242.6,242.6,237.8,237.8,237.8,113.6,113.6,113.6,54.3,54.3,54.3,0,0,0,142.6,142.6,142.622038860287,34,34,34,165,165,165,26.889544598529,26.889544598529,26.889544598529,162.297977728656,162.297977728656,162.297977728656,observed,-53.6760670744898,observed,1888.93428182207,362.999999999999,10311.5760585101,8337.02626947449,12379.4356670908
Connecticut,2020-04-05,529,608.3,608.3,608.3,276,276,276,270.4,270.4,270.4,126.5,126.5,126.5,60.4,60.4,60.4,0,0,0,176,176,176.046991235076,24,24,24,189,189,189,31.408008793672,31.408008793672,31.408008793672,193.705986522328,193.705986522328,193.705986522328,observed,-53.9031624716737,observed,1950.20637132668,399.999999999999,10251.1454668918,8281.74742987813,12273.4189788499
Connecticut,2020-04-06,529,686.4,686.4,686.4,311.1,311.1,311.1,304.5,304.5,304.5,139.3,139.3,139.3,66.6,66.6,66.6,0,0,0,211.1,211.1,211.09213528917,17,17,17,206,206,206,36.368153762597,36.368153762597,36.368153762597,230.074140284925,230.074140284925,230.074140284925,observed,-54.141856319368,observed,2019.00713352882,1235,10141.7352781866,8208.09555474383,12246.9763487147
Connecticut,2020-04-07,529,767,767,767,347.2,347.2,347.2,339.5,339.5,339.5,151.8,151.8,151.8,72.6,72.6,72.6,0,0,0,247.2,247.2,247.173076142262,71,71,71,277,277,277,41.722438916376,41.722438916376,41.722438916376,271.796579201301,271.796579201301,271.796579201301,observed,-54.3833524621143,observed,2093.83712760241,877.999999999995,9991.44994517174,8107.76514616985,12132.6646819423
Connecticut,2020-04-08,529,848.7,848.7,848.7,383.6,383.6,383.6,374.8,374.8,374.8,163.7,163.7,163.7,78.4,78.4,78.4,0,0,0,283.6,283.6,283.615472446514,49,49,49,326,326,326,47.3996213220209,47.3996213220209,47.3996213220209,319.196200523322,319.196200523322,319.196200523322,observed,-54.6058670903944,observed,2172.33470985444,1004,9808.47174029457,7903.35340084195,11976.6628414899
Connecticut,2020-04-09,529,929.9,929.9,929.9,419.7,419.7,419.7,409.5,409.5,409.5,174.8,174.8,174.8,83.7,83.7,83.7,0,0,0,319.7,319.7,319.685762945641,54,54,54,380,380,380,53.305823735688,53.305823735688,53.305823735688,372.50202425901,372.50202425901,372.50202425901,observed,-54.7755603737647,observed,2251.8573662892,1007.00000000001,9600.61494069641,7714.29937151789,11807.0996254423
Connecticut,2020-04-10,529,1008.8,1008.8,1008.8,454.6,454.6,454.6,443.1,443.1,443.1,184.7,184.7,184.7,88.5,88.5,88.5,0,0,0,354.6,354.6,354.62554132418,68,68,68,448,448,448,59.32846939401,59.32846939401,59.32846939401,431.83049365302,431.83049365302,431.83049365302,observed,-54.8550642372215,observed,2330.03276627105,756.999999999993,9374.93176559917,7537.99615987735,11587.0408053251
Connecticut,2020-04-11,529,1083.8,1083.8,1083.8,487.7,487.7,487.7,474.7,474.7,474.7,193.4,193.4,193.4,92.7,92.7,92.7,0,0,0,387.7,387.7,387.688047965627,46,46,46,494,494,494,65.341674450804,65.341674450804,65.341674450804,497.172168103824,497.172168103824,497.172168103824,observed,-54.8157766472632,observed,2405.18873267578,975.000000000007,9137.41263056462,7287.86066546913,11342.9611124122
Connecticut,2020-04-12,529,1153.2,1153.2,1153.2,518.2,518.2,518.2,503.7,503.7,503.7,200.6,200.6,200.6,96.3,96.3,96.3,0,0,0,418.2,418.2,418.17936137151,60,60,60,554,554,554,71.211304566912,71.211304566912,71.211304566912,568.383472670736,568.383472670736,568.383472670736,observed,-54.6449020877495,observed,2476.63091522058,526.999999999991,8892.92009688561,7093.0465551544,11063.6512039953
Connecticut,2020-04-13,529,1215.8,1215.8,1215.8,545.5,545.5,545.5,529.5,529.5,529.5,206.3,206.3,206.3,99,99,99,0,0,0,445.5,445.5,445.498201027681,48,48,48,602,602,602,76.80380388841,76.80380388841,76.80380388841,645.187276559146,645.187276559146,645.187276559146,observed,-54.34320500015,observed,2544.78009731404,1351,8645.29504803325,6923.84704272711,10775.8386868353
Connecticut,2020-04-14,529,1270.4,1270.4,1270.4,569.2,569.2,569.2,551.6,551.6,551.6,210.4,210.4,210.4,101.1,101.1,101.1,0,0,0,469.2,469.2,469.166319184396,69,69,69,671,671,671,81.993084091911,81.993084091911,81.993084091911,727.180360651057,727.180360651057,727.180360651057,observed,-53.9351371964363,observed,2611.17037009082,610.000000000009,8397.4856952739,6738.96440717035,10409.5071376152
Connecticut,2020-04-15,529,1316.1,1316.1,1316.1,588.8,588.8,588.8,569.8,569.8,569.8,213,213,213,102.4,102.4,102.4,0,0,0,488.8,488.8,488.848008720987,197,197,197,868,868,868,86.6650729450331,86.6650729450331,86.6650729450331,813.84543359609,813.84543359609,813.84543359609,observed,-53.4659872274576,observed,2678.29184011172,768.999999999998,8151.70683522956,6524.4321480295,10116.064788301
Connecticut,2020-04-16,529,1352.5,1352.5,1352.5,604.4,604.4,604.4,583.8,583.8,583.8,214.1,214.1,214.1,103,103,103,0,0,0,504.4,504.4,504.357818363423,103,103,103,971,971,971,90.723488379692,90.723488379692,90.723488379692,904.568921975782,904.568921975782,904.568921975782,observed,-52.9799728210899,observed,2749.23341519311,1133,7909.57665327573,6316.08330295707,9777.01589216913
Connecticut,2020-04-17,529,1379.5,1379.5,1379.5,615.7,615.7,615.7,593.7,593.7,593.7,214,214,214,103,103,103,0,0,0,515.7,515.7,515.658016751696,65,65,65,1036,1036,1036,94.0996675961991,94.0996675961991,94.0996675961991,998.668589571981,998.668589571981,998.668589571981,observed,-52.5113095912223,observed,2827.09520997458,927.999999999991,7672.16437631846,6156.23422924306,9489.28239394218
Connecticut,2020-04-18,529,1397.1,1397.1,1397.1,622.8,622.8,622.8,599.5,599.5,599.5,212.7,212.7,212.7,102.4,102.4,102.4,0,0,0,522.8,522.8,522.846478995478,50,50,50,1086,1086,1086,96.7560177587789,96.7560177587789,96.7560177587789,1095.42460733076,1095.42460733076,1095.42460733076,observed,-52.083949788053,observed,2914.17507751832,744.000000000011,7440.12702193952,6015.43246313365,9207.97413202183
Connecticut,2020-04-19,529,1405.9,1405.9,1405.9,626.1,626.1,626.1,601.6,601.6,601.6,210.3,210.3,210.3,101.3,101.3,101.3,0,0,0,526.1,526.1,526.137736610562,41,41,41,1127,1127,1127,98.6852163661401,98.6852163661401,98.6852163661401,1194.1098236969,1194.1098236969,1194.1098236969,observed,-51.7110962972471,observed,3010.99617961868,412.999999999996,7213.83708752224,5816.57546796317,8876.12593979273
Connecticut,2020-04-20,529,1406.6,1406.6,1406.6,625.8,625.8,625.8,600.2,600.2,600.2,207.1,207.1,207.1,99.8,99.8,99.8,0,0,0,525.8,525.8,525.840134618462,204,204,204,1331,1331,1331,99.9058496796999,99.9058496796999,99.9058496796999,1294.0156733766,1294.0156733766,1294.0156733766,observed,-51.3924997905744,observed,3115.26743714948,1860,6993.43752565646,5626.88425547363,8564.29027505455
Connecticut,2020-04-21,529,1399.8,1399.8,1399.8,622.3,622.3,622.3,595.8,595.8,595.8,203.2,203.2,203.2,98,98,98,0,0,0,522.3,522.3,522.330769810676,92,92,92,1423,1423,1423,100.454968192,100.454968192,100.454968192,1394.4706415686,1394.4706415686,1394.4706415686,observed,-51.1097744955581,observed,3220.95713239015,546.999999999993,6778.85382569244,5451.28446801476,8205.06767888798
Connecticut,2020-04-22,529,1386.7,1386.7,1386.7,616,616,616,588.7,588.7,588.7,198.8,198.8,198.8,95.9,95.9,95.9,0,0,0,516,516,516.032699506086,121,121,121,1544,1544,1544,100.38354478426,100.38354478426,100.38354478426,1494.85418635286,1494.85418635286,1494.85418635286,observed,-50.8344564061808,observed,3317.86098674937,2116.00000000001,6569.84222567263,5294.72205611565,7916.84706945208
Connecticut,2020-04-23,529,1368.1,1368.1,1368.1,607.4,607.4,607.4,579.5,579.5,579.5,194.1,194.1,194.1,93.6,93.6,93.6,0,0,0,507.4,507.4,507.390880964362,95,95,95,1639,1639,1639,99.7567827135099,99.7567827135099,99.7567827135099,1594.61096906637,1594.61096906637,1594.61096906637,observed,-50.5373641166647,observed,3392.36523787485,632.999999999993,6366.03610652668,5113.94752164656,7652.8595587879
Connecticut,2020-04-24,529,1345.2,1345.2,1345.2,596.8,596.8,596.8,568.6,568.6,568.6,189.1,189.1,189.1,91.2,91.2,91.2,0,0,0,496.8,496.8,496.848422459037,128,128,128,1767,1767,1767,98.65089534204,98.65089534204,98.65089534204,1693.26186440841,1693.26186440841,1693.26186440841,observed,-50.1901402294401,observed,3430.06627714088,839.000000000004,6166.99534065002,4914.28565103452,7421.19587351809
Connecticut,2020-04-25,529,1318.7,1318.7,1318.7,584.8,584.8,584.8,556.3,556.3,556.3,184,184,184,88.8,88.8,88.8,0,0,0,484.8,484.8,484.826269164817,98,98,98,1865,1865,1865,97.1485613191796,97.1485613191796,97.1485613191796,1790.41042572759,1790.41042572759,1790.41042572759,observed,-49.7733448849735,observed,3420.14177979928,649.000000000011,5972.20826722335,4751.84158809457,7166.66164641639
Connecticut,2020-04-26,529,1289.7,1289.7,1289.7,571.7,571.7,571.7,543,543,543,178.9,178.9,178.9,86.3,86.3,86.3,0,0,0,471.7,471.7,471.703866932257,59,59,59,1924,1924,1924,95.3324396291603,95.3324396291603,95.3324396291603,1885.74286535675,1885.74286535675,1885.74286535675,observed,-49.2785215686282,observed,3359.96204274613,687.999999999996,5781.1213444571,4603.52108176792,6906.70974299164
Connecticut,2020-04-27,529,1258.8,1258.8,1258.8,557.8,557.8,557.8,529.2,529.2,529.2,173.7,173.7,173.7,83.8,83.8,83.8,0,0,0,457.8,457.8,457.809680937091,88,88,88,2012,2012,2012,93.2802222331702,93.2802222331702,93.2802222331702,1979.02308758992,1979.02308758992,1979.02308758992,observed,-48.6988012508881,observed,3257.67115166182,730.999999999993,5593.21791456395,4436.86872643078,6690.05264281359
Connecticut,2020-04-28,529,1226.7,1226.7,1226.7,543.4,543.4,543.4,515,515,515,168.6,168.6,168.6,81.4,81.4,81.4,0,0,0,443.4,443.4,443.417308960314,75,75,75,2087,2087,2087,91.05907558533,91.05907558533,91.05907558533,2070.08216317525,2070.08216317525,2070.08216317525,observed,-48.0396399139293,observed,3131.22833320952,316,5408.05941719791,4310.1037170708,6510.9474999898
Connecticut,2020-04-29,529,1193.9,1193.9,1193.9,528.7,528.7,528.7,500.6,500.6,500.6,163.6,163.6,163.6,78.9,78.9,78.9,0,0,0,428.7,428.7,428.749287660356,82,82,82,2169,2169,2169,88.7266633315398,88.7266633315398,88.7266633315398,2158.80882650679,2158.80882650679,2158.80882650679,observed,-47.3263766725721,observed,3004.3724884724,457.000000000007,5225.28404128147,4159.31071111473,6300.05273930326
Connecticut,2020-04-30,529,1160.9,1160.9,1160.9,514,514,514,486.2,486.2,486.2,158.6,158.6,158.6,76.6,76.6,76.6,0,0,0,414,414,413.98207012246,88,88,88,2257,2257,2257,86.3316723791299,86.3316723791299,86.3316723791299,2245.14049888592,2245.14049888592,2245.14049888592,observed,-46.602013849254,observed,2901.37830099721,936.000000000004,5044.6043511104,4018.17635048489,6133.91757988476
Connecticut,2020-05-01,529,1127.9,1127.9,1127.9,499.3,499.3,499.3,472,472,472,153.8,153.8,153.8,74.2,74.2,74.2,0,0,0,399.3,399.3,399.250385570832,82,82,82,2339,2339,2339,83.9105119764099,83.9105119764099,83.9105119764099,2329.05101086233,2329.05101086233,2329.05101086233,observed,-45.9260445150503,observed,2842.59069728099,1067.99999999998,4865.82033532642,3889.67439494818,5934.569781307
Connecticut,2020-05-02,529,1095.2,1095.2,1095.2,484.7,484.7,484.7,457.9,457.9,457.9,149.1,149.1,149.1,72,72,72,0,0,0,384.7,384.7,384.655627097252,97,97,97,2436,2436,2436,81.4908086880805,81.4908086880805,81.4908086880805,2410.54181955041,2410.54181955041,2410.54181955041,observed,-45.3660782155122,observed,2841.69922065451,525.000000000022,4688.82442061649,3758.11781757024,5725.06544706655
Connecticut,2020-05-03,529,1062.9,1062.9,1062.9,470.3,470.3,470.3,444.1,444.1,444.1,144.5,144.5,144.5,69.7,69.7,69.7,0,0,0,370.3,370.3,370.271661611477,0,0,0,2436,2436,2436,79.0922985174698,79.0922985174698,79.0922985174698,2489.63411806788,2489.63411806788,2489.63411806788,observed,-44.976593867952,observed,2904.72788355349,,4513.60575441707,3627.59954517343,5522.71823508667
Connecticut,2020-05-04,529,1031.2,1031.2,1031.2,456.2,456.2,456.2,430.6,430.6,430.6,140,140,140,67.6,67.6,67.6,0,0,0,356.2,356.2,356.150289733893,120,120,120,2556,2556,2556,76.72913911247,76.72913911247,76.72913911247,2566.36325718035,2566.36325718035,2566.36325718035,observed,-44.7748132647902,observed,3030.25722743438,,4340.25753090174,3475.54829230166,5312.32680879857
Connecticut,2020-05-05,529,1000.1,1000.1,1000.1,442.3,442.3,442.3,417.5,417.5,417.5,135.7,135.7,135.7,65.5,65.5,65.5,0,0,0,342.3,342.3,342.325524151248,77,77,77,2633,2633,2633,74.4119907105501,74.4119907105501,74.4119907105501,2640.7752478909,2640.7752478909,2640.7752478909,observed,-44.7360712786434,observed,3210.75008507008,650.000000000022,4168.96121800813,3335.72994965199,5102.76894089088
Connecticut,2020-05-06,529,969.7,969.7,969.7,428.8,428.8,428.8,404.6,404.6,404.6,131.5,131.5,131.5,63.5,63.5,63.5,0,0,0,328.8,328.8,328.815429625541,85,85,85,2718,2718,2718,72.1477860975897,72.1477860975897,72.1477860975897,2712.92303398849,2712.92303398849,2712.92303398849,observed,-44.803901144489,observed,3435.06373212039,374.999999999985,3999.95498691212,3189.22211453052,4920.76439407176
Connecticut,2020-05-07,529,940,940,940,415.6,415.6,415.6,392.1,392.1,392.1,127.3,127.3,127.3,61.5,61.5,61.5,0,0,0,315.6,315.6,315.623908172318,79,79,79,2797,2797,2797,69.94020091331,69.94020091331,69.94020091331,2782.8632349018,2782.8632349018,2782.8632349018,observed,-44.9010771561245,observed,3691.78175450571,791.999999999989,3833.50076446946,3056.10871425264,4713.78392899934
Connecticut,2020-05-08,529,911,911,911,402.7,402.7,402.7,379.9,379.9,379.9,123.3,123.3,123.3,59.5,59.5,59.5,0,0,0,302.7,302.7,302.74302961412,77,77,77,2874,2874,2874,67.7903965412897,67.7903965412897,67.7903965412897,2850.65363144309,2850.65363144309,2850.65363144309,observed,-44.9492768702857,observed,3972.02058480204,629.000000000011,3669.87494756567,2935.61018722731,4494.86777140155
Connecticut,2020-05-09,529,882.6,882.6,882.6,390.2,390.2,390.2,368,368,368,119.3,119.3,119.3,57.6,57.6,57.6,0,0,0,290.2,290.2,290.156564964893,58,58,58,2932,2932,2932,65.6975763339801,65.6975763339801,65.6975763339801,2916.35120777707,2916.35120777707,2916.35120777707,observed,-44.8834876324689,observed,4270.28035092983,574.999999999996,3509.35869295295,2815.23861556512,4281.00594998844
Connecticut,2020-05-10,529,854.8,854.8,854.8,377.8,377.8,377.8,356.3,356.3,356.3,115.4,115.4,115.4,55.7,55.7,55.7,0,0,0,277.8,277.8,277.842938506268,35,35,35,2967,2967,2967,63.6600191483203,63.6600191483203,63.6600191483203,2980.01122692539,2980.01122692539,2980.01122692539,observed,-44.6605687291223,observed,4582.96566217284,572.000000000015,3352.21185477574,2674.17567695505,4104.25317821506
Connecticut,2020-05-11,529,827.6,827.6,827.6,365.8,365.8,365.8,344.9,344.9,344.9,111.6,111.6,111.6,53.9,53.9,53.9,0,0,0,265.8,265.8,265.776438659596,41,41,41,3008,3008,3008,61.6745827750801,61.6745827750801,61.6745827750801,3041.68580970047,3041.68580970047,3041.68580970047,observed,-44.2542101134494,observed,4905.49820596933,211.999999999978,3198.6636823663,2549.31436961853,3922.53253399117
Connecticut,2020-05-12,529,800.9,800.9,800.9,353.9,353.9,353.9,333.7,333.7,333.7,107.8,107.8,107.8,52,52,52,0,0,0,253.9,253.9,253.93019312722,33,33,33,3041,3041,3041,59.73623374819,59.73623374819,59.73623374819,3101.42204344866,3101.42204344866,3101.42204344866,observed,-43.6548455138727,observed,5229.36824817652,570.000000000015,3048.92034240618,2438.05557802168,3735.31807270092
Connecticut,2020-05-13,529,774.6,774.6,774.6,342.3,342.3,342.3,322.7,322.7,322.7,104,104,104,50.2,50.2,50.2,0,0,0,242.3,242.3,242.279487962947,84,84,84,3125,3125,3125,57.8389056123397,57.8389056123397,57.8389056123397,3159.260949061,3159.260949061,3159.260949061,observed,-42.8799266494726,observed,5540.31472069602,524,2903.16826391516,2309.25042066978,3565.20263877517
Connecticut,2020-05-14,529,748.8,748.8,748.8,330.8,330.8,330.8,311.8,311.8,311.8,100.3,100.3,100.3,48.4,48.4,48.4,0,0,0,230.8,230.8,230.803412710017,94,94,94,3219,3219,3219,55.9773114179002,55.9773114179002,55.9773114179002,3215.2382604789,3215.2382604789,3215.2382604789,observed,-41.972090650818,observed,5818.70346167294,611,2761.57427834466,2192.01827469571,3402.90467989535
Connecticut,2020-05-15,529,723.2,723.2,723.2,319.5,319.5,319.5,301.1,301.1,301.1,96.7,96.7,96.7,46.7,46.7,46.7,0,0,0,219.5,219.5,219.484484890487,66,66,66,3285,3285,3285,54.1469579296304,54.1469579296304,54.1469579296304,3269.38521840853,3269.38521840853,3269.38521840853,observed,-40.9897262917533,observed,6042.90570251782,622.999999999993,2624.28428007387,2080.48933338809,3245.97280254902
Connecticut,2020-05-16,529,698.1,698.1,698.1,308.3,308.3,308.3,290.5,290.5,290.5,93,93,93,44.9,44.9,44.9,0,0,0,208.3,208.3,208.309032690404,54,54,54,3339,3339,3339,52.3434292148199,52.3434292148199,52.3434292148199,3321.72864762335,3321.72864762335,3321.72864762335,observed,-40.0012311912116,observed,6195.34446721945,620.000000000015,2491.41847076319,1958.54349833681,3095.43955640157
Connecticut,2020-05-17,529,673.2,673.2,673.2,297.3,297.3,297.3,280,280,280,89.5,89.5,89.5,43.2,43.2,43.2,0,0,0,197.3,197.3,197.268479782355,69,69,69,3408,3408,3408,50.5635197603197,50.5635197603197,50.5635197603197,3372.29216738367,3372.29216738367,3372.29216738367,observed,-39.0778411680803,observed,6268.86722615075,718.999999999978,2363.06655999969,1846.82539180751,2952.45485797182
Connecticut,2020-05-18,529,648.6,648.6,648.6,286.4,286.4,286.4,269.7,269.7,269.7,85.9,85.9,85.9,41.5,41.5,41.5,0,0,0,186.4,186.4,186.359072876615,42,42,42,3450,3450,3450,48.8051998224405,48.8051998224405,48.8051998224405,3421.09736720611,3421.09736720611,3421.09736720611,observed,-38.2792188732611,observed,6270.07974448371,699.000000000029,2239.27937024565,1756.05965748422,2814.2810012215
Connecticut,2020-05-19,529,624.3,624.3,624.3,275.6,275.6,275.6,259.5,259.5,259.5,82.4,82.4,82.4,39.8,39.8,39.8,0,0,0,175.6,175.6,175.581371338622,22,22,22,3472,3472,3472,47.0668420975594,47.0668420975594,47.0668420975594,3468.16420930367,3468.16420930367,3468.16420930367,observed,-37.6451906625504,observed,6217.6792883972,314.999999999971,2120.07079805417,1665.20307884895,2658.26817311651
Connecticut,2020-05-20,529,600.3,600.3,600.3,264.9,264.9,264.9,249.4,249.4,249.4,79,79,79,38.2,38.2,38.2,0,0,0,164.9,164.9,164.940270252093,57,57,57,3529,3529,3529,45.3470446012502,45.3470446012502,45.3470446012502,3513.51125390492,3513.51125390492,3513.51125390492,observed,-37.1922787530038,observed,6136.92092075604,589.000000000029,2005.43056376104,1576.44537799566,2531.62330864836
Connecticut,2020-05-21,529,576.6,576.6,576.6,254.4,254.4,254.4,239.4,239.4,239.4,75.6,75.6,75.6,36.5,36.5,36.5,0,0,0,154.4,154.4,154.44497799614,54,54,54,3583,3583,3583,43.6454587537901,43.6454587537901,43.6454587537901,3557.15671265871,3557.15671265871,3557.15671265871,observed,-36.9070690907068,observed,6053.17968116162,192,1895.32914732836,1487.55277938386,2419.05980361664
Connecticut,2020-05-22,529,553.3,553.3,553.3,244.1,244.1,244.1,229.6,229.6,229.6,72.3,72.3,72.3,34.9,34.9,34.9,0,0,0,144.1,144.1,144.107864102286,54,54,54,3637,3637,3637,41.9629894046402,41.9629894046402,41.9629894046402,3599.11970206335,3599.11970206335,3599.11970206335,observed,-36.7470973911057,observed,5987.07455909014,433.999999999978,1789.7253928191,1401.32546962068,2284.18439835943
Connecticut,2020-05-23,529,530.4,530.4,530.4,233.9,233.9,233.9,219.9,219.9,219.9,69.1,69.1,69.1,33.4,33.4,33.4,0,0,0,133.9,133.9,133.94299529947,38,38,38,3675,3675,3675,40.3013877178996,40.3013877178996,40.3013877178996,3639.42108978125,3639.42108978125,3639.42108978125,observed,-36.6483643774747,observed,5951.85365442076,383.000000000007,1688.56863636673,1315.48407648093,2157.14467145469
Connecticut,2020-05-24,529,507.8,507.8,507.8,224,224,224,210.5,210.5,210.5,65.9,65.9,65.9,31.8,31.8,31.8,0,0,0,124,124,123.964939515699,18,18,18,3693,3693,3693,38.6629763462297,38.6629763462297,38.6629763462297,3678.08406612748,3678.08406612748,3678.08406612748,observed,-36.5372856751251,observed,5952.65465564718,448.000000000007,1591.7977283756,1240.95716559108,2031.88705126443
Connecticut,2020-05-25,529,485.8,485.8,485.8,214.2,214.2,214.2,201.2,201.2,201.2,62.8,62.8,62.8,30.4,30.4,30.4,0,0,0,114.2,114.2,114.187766551778,49,49,49,3742,3742,3742,37.0504189220601,37.0504189220601,37.0504189220601,3715.13448504954,3715.13448504954,3715.13448504954,observed,-36.3292073855952,observed,5987.04206436964,405.999999999978,1499.34759551071,1171.4181515502,1897.37377014793
Connecticut,2020-05-26,529,464.2,464.2,464.2,204.6,204.6,204.6,192.1,192.1,192.1,59.8,59.8,59.8,28.9,28.9,28.9,0,0,0,104.6,104.6,104.62462489681,27,27,27,3769,3769,3769,35.4665353676396,35.4665353676396,35.4665353676396,3750.60102041718,3750.60102041718,3750.60102041718,observed,-35.9401284183149,observed,6046.49702287111,432.000000000036,1411.15556946711,1097.88772035249,1782.77830972866
Connecticut,2020-05-27,529,443.1,443.1,443.1,195.3,195.3,195.3,183.3,183.3,183.3,56.9,56.9,56.9,27.5,27.5,27.5,0,0,0,95.3,95.3,95.28754528989,34,34,34,3803,3803,3803,33.9139944242706,33.9139944242706,33.9139944242706,3784.51501484145,3784.51501484145,3784.51501484145,observed,-35.3319952832159,observed,6118.60071193319,0,1327.16223050678,1029.02387953781,1688.21469422239
Connecticut,2020-05-28,529,422.5,422.5,422.5,186.2,186.2,186.2,174.7,174.7,174.7,54.1,54.1,54.1,26.1,26.1,26.1,0,0,0,86.2,86.2,86.1873467774856,23,23,23,3826,3826,3826,32.3951955565208,32.3951955565208,32.3951955565208,3816.91021039797,3816.91021039797,3816.91021039797,observed,-34.5168890232859,observed,6189.64083201187,272,1247.31134803097,968.18061631591,1592.07966837363
Connecticut,2020-05-29,529,402.5,402.5,402.5,177.3,177.3,177.3,166.3,166.3,166.3,51.3,51.3,51.3,24.8,24.8,24.8,0,0,0,77.3,77.3,77.3335473329755,42,42,42,3868,3868,3868,30.9121572442496,30.9121572442496,30.9121572442496,3847.82236764222,3847.82236764222,3847.82236764222,observed,-33.5479859657709,observed,6247.2701926694,204,1171.55194146079,907.889824617466,1502.79885197565
Connecticut,2020-05-30,529,383.1,383.1,383.1,168.7,168.7,168.7,158.2,158.2,158.2,48.7,48.7,48.7,23.6,23.6,23.6,0,0,0,68.7,68.7,68.734398587846,44,44,44,3912,3912,3912,29.4664946246298,29.4664946246298,29.4664946246298,3877.28886226685,3877.28886226685,3877.28886226685,observed,-32.5049268604033,observed,6282.85443884152,260.999999999993,1099.83430706404,848.052228728768,1411.12581202465
Connecticut,2020-05-31,529,364.2,364.2,364.2,160.4,160.4,160.4,150.3,150.3,150.3,46.2,46.2,46.2,22.3,22.3,22.3,0,0,0,60.4,60.4,60.3969241872234,32,32,32,3944,3944,3944,28.0597686072997,28.0597686072997,28.0597686072997,3905.34863087415,3905.34863087415,3905.34863087415,observed,-31.4630801349867,observed,6293.07746309136,179.999999999985,1032.11226821017,798.132842128149,1324.20490722637
Connecticut,2020-06-01,529,346,346,346,152.3,152.3,152.3,142.6,142.6,142.6,43.7,43.7,43.7,21.1,21.1,21.1,0,0,0,52.3,52.3,52.3266493017259,26,26,26,3970,3970,3970,26.6935120152107,26.6935120152107,26.6935120152107,3932.04214288936,3932.04214288936,3932.04214288936,observed,-30.4660554852931,observed,6280.44673912298,541.000000000022,968.345063415346,743.036006762677,1243.7971808517
Connecticut,2020-06-02,529,328.3,328.3,328.3,144.5,144.5,144.5,135.3,135.3,135.3,41.3,41.3,41.3,20,20,20,0,0,0,44.5,44.5,44.5273193792099,2,2,2,3972,3972,3972,25.3690550208598,25.3690550208598,25.3690550208598,3957.41119791022,3957.41119791022,3957.41119791022,observed,-29.5269585716848,observed,6252.55482157032,239.999999999993,908.491431581788,694.307168339301,1163.49133595672
Connecticut,2020-06-03,529,311.3,311.3,311.3,137,137,137,128.2,128.2,128.2,39.1,39.1,39.1,18.9,18.9,18.9,0,0,0,37,37,37.0009283925642,17,17,17,3989,3989,3989,24.0874015122095,24.0874015122095,24.0874015122095,3981.49859942243,3981.49859942243,3981.49859942243,observed,-28.6532009532303,observed,6220.35494861534,111.999999999985,852.502944207187,651.333930916942,1091.55653139609
Connecticut,2020-06-04,529,294.9,294.9,294.9,129.7,129.7,129.7,121.3,121.3,121.3,36.9,36.9,36.9,17.9,17.9,17.9,0,0,0,29.7,29.7,29.7479576075552,18,18,18,4007,4007,4007,22.8492204548802,22.8492204548802,22.8492204548802,4004.34781987731,4004.34781987731,4004.34781987731,observed,-27.8622019823476,observed,6195.90401238074,149.000000000007,800.323969774414,611.354079578107,1018.11371663201
Connecticut,2020-06-05,529,279.1,279.1,279.1,122.8,122.8,122.8,114.8,114.8,114.8,34.8,34.8,34.8,16.8,16.8,16.8,0,0,0,22.8,22.8,22.7676237404858,31,31,31,4038,4038,4038,21.6548270912103,21.6548270912103,21.6548270912103,4026.00264696852,4026.00264696852,4026.00264696852,observed,-27.1814907211997,observed,6190.03180498078,222.000000000007,751.887292829885,571.05118042097,957.267082853157
Connecticut,2020-06-06,529,263.9,263.9,263.9,116.1,116.1,116.1,108.4,108.4,108.4,32.8,32.8,32.8,15.9,15.9,15.9,0,0,0,16.1,16.1,16.0581669083948,17,17,17,4055,4055,4055,20.5042482603094,20.5042482603094,20.5042482603094,4046.50689522883,4046.50689522883,4046.50689522883,observed,-26.6424881101546,observed,6210.25126902729,358.999999999985,707.112397293919,538.326536365756,900.842290593135
Connecticut,2020-06-07,529,249.3,249.3,249.3,109.6,109.6,109.6,102.4,102.4,102.4,30.9,30.9,30.9,15,15,15,0,0,0,9.6,9.6,9.6171991758284,16,16,16,4071,4071,4071,19.3972432706705,19.3972432706705,19.3972432706705,4065.9041384995,4065.9041384995,4065.9041384995,observed,-26.2665878002723,observed,6259.20533020187,150.999999999985,665.91091040652,505.392460071317,848.594320549685
Connecticut,2020-06-08,529,235.3,235.3,235.3,103.4,103.4,103.4,96.6,96.6,96.6,29.1,29.1,29.1,14.1,14.1,14.1,0,0,0,3.4,3.4,3.44200744908137,13,13,13,4084,4084,4084,18.3334286122895,18.3334286122895,18.3334286122895,4084.23756711179,4084.23756711179,4084.23756711179,observed,-26.0319252887895,observed,6333.88717803404,124.000000000007,628.188119077498,482.131829967724,797.338123512163
Connecticut,2020-06-09,529,221.9,221.9,221.9,97.5,97.5,97.5,91,91,91,27.3,27.3,27.3,13.2,13.2,13.2,0,0,0,0,0,0,13,13,13,4097,4097,4097,17.3123558902307,17.3123558902307,17.3123558902307,4101.54992300202,4101.54992300202,4101.54992300202,observed,-25.8731310588259,observed,6425.80830690064,87.0000000000218,593.845513587581,457.429115372607,750.595931264039
Connecticut,2020-06-10,529,209.1,209.1,209.1,91.9,91.9,91.9,85.7,85.7,85.7,25.7,25.7,25.7,12.4,12.4,12.4,0,0,0,0,0,0,23,23,23,4120,4120,4120,16.3335059604497,16.3335059604497,16.3335059604497,4117.88342896247,4117.88342896247,4117.88342896247,observed,-25.71338343257,observed,6522.13556974335,169.000000000007,562.780502406393,436.40803542466,707.981433674207
Connecticut,2020-06-11,529,196.8,196.8,196.8,86.5,86.5,86.5,80.6,80.6,80.6,24.1,24.1,24.1,11.7,11.7,11.7,0,0,0,0,0,0,26,26,26,4146,4146,4146,15.3963017781398,15.3963017781398,15.3963017781398,4133.27973074061,4133.27973074061,4133.27973074061,observed,-25.4856260768956,observed,6607.79174030686,113.999999999978,534.88712554755,414.561439901145,671.055767352716
Connecticut,2020-06-12,529,185.2,185.2,185.2,81.3,81.3,81.3,75.8,75.8,75.8,22.6,22.6,22.6,11,11,11,0,0,0,0,0,0,13,13,13,4159,4159,4159,14.5002241707898,14.5002241707898,14.5002241707898,4147.7799549114,4147.7799549114,4147.7799549114,observed,-25.1456278959192,observed,6668.41643995312,229,510.054289628051,394.261471780133,636.485241679326
Connecticut,2020-06-13,529,174.1,174.1,174.1,76.5,76.5,76.5,71.2,71.2,71.2,21.2,21.2,21.2,10.3,10.3,10.3,0,0,0,0,0,0,27,27,27,4186,4186,4186,13.6447841044001,13.6447841044001,13.6447841044001,4161.4247390158,4161.4247390158,4161.4247390158,observed,-24.6861321923093,observed,6693.88227217151,306.000000000007,488.164912142917,378.492177345781,605.012431353975
Connecticut,2020-06-14,529,163.5,163.5,163.5,71.8,71.8,71.8,66.9,66.9,66.9,19.9,19.9,19.9,9.6,9.6,9.6,0,0,0,0,0,0,15,15,15,4201,4201,4201,12.82956597055,12.82956597055,12.82956597055,4174.25430498635,4174.25430498635,4174.25430498635,observed,-24.1283197179096,observed,6681.61285718753,93.9999999999854,469.098760172248,366.475588406649,580.148830890159
Connecticut,2020-06-15,529,153.6,153.6,153.6,67.4,67.4,67.4,62.8,62.8,62.8,18.7,18.7,18.7,9,9,9,0,0,0,0,0,0,3,3,3,4204,4204,4204,12.0541617089202,12.0541617089202,12.0541617089202,4186.30846669527,4186.30846669527,4186.30846669527,observed,-23.4965794469604,observed,6638.74558296583,148,452.732086403792,357.473928896553,558.749143906086
Connecticut,2020-06-16,529,144.1,144.1,144.1,63.3,63.3,63.3,58.9,58.9,58.9,17.5,17.5,17.5,8.5,8.5,8.5,0,0,0,0,0,0,6,6,6,4210,4210,4210,11.3181117281201,11.3181117281201,11.3181117281201,4197.62657842339,4197.62657842339,4197.62657842339,observed,-22.8131288058288,observed,6582.32719460131,114.000000000036,438.938471428137,349.247545271671,538.091226897943
Connecticut,2020-06-17,529,135.3,135.3,135.3,59.4,59.4,59.4,55.2,55.2,55.2,16.4,16.4,16.4,8,8,8,0,0,0,0,0,0,9,9,9,4219,4219,4219,10.6209691319,10.6209691319,10.6209691319,4208.24754755529,4208.24754755529,4208.24754755529,observed,-22.1145121738252,observed,6537.30685822125,79.9999999999854,427.590647251301,344.344816610194,520.812439150133
Connecticut,2020-06-18,529,126.9,126.9,126.9,55.7,55.7,55.7,51.8,51.8,51.8,15.4,15.4,15.4,7.5,7.5,7.5,0,0,0,0,0,0,7,7,7,4226,4226,4226,9.9624736977803,9.9624736977803,9.9624736977803,4218.21002125307,4218.21002125307,4218.21002125307,observed,-21.4585715551599,observed,6532.57715770632,10.9999999999927,418.561622499736,340.377458622231,506.904770427362
Connecticut,2020-06-19,529,119.1,119.1,119.1,52.3,52.3,52.3,48.6,48.6,48.6,14.5,14.5,14.5,7,7,7,0,0,0,0,0,0,12,12,12,4238,4238,4238,9.34236244311887,9.34236244311887,9.34236244311887,4227.55238369619,4227.55238369619,4227.55238369619,observed,-20.921133766509,observed,6595.80661469205,116.999999999985,411.726202597194,339.36779870857,495.475398277213
Connecticut,2020-06-20,529,111.8,111.8,111.8,49.1,49.1,49.1,45.7,45.7,45.7,13.7,13.7,13.7,6.6,6.6,6.6,0,0,0,0,0,0,13,13,13,4251,4251,4251,8.76037510686092,8.76037510686092,8.76037510686092,4236.31275880305,4236.31275880305,4236.31275880305,observed,-20.5826431564771,observed,6747.97258051432,158.999999999993,406.96335811945,339.012541162898,489.543966067492
Connecticut,2020-06-21,529,105.1,105.1,105.1,46.1,46.1,46.1,42.9,42.9,42.9,12.9,12.9,12.9,6.2,6.2,6.2,0,0,0,0,0,0,9,9,9,4260,4260,4260,8.21622999979991,8.21622999979991,8.21622999979991,4244.52898880285,4244.52898880285,4244.52898880285,observed,-20.5011351844736,observed,6998.54324384813,40.0000000000218,404.153303863134,337.080514133297,485.226135786223
Connecticut,2020-06-22,529,98.9,98.9,98.9,43.4,43.4,43.4,40.4,40.4,40.4,12.2,12.2,12.2,5.9,5.9,5.9,0,0,0,0,0,0,3,3,3,4263,4263,4263,7.70941701820993,7.70941701820993,7.70941701820993,4252.23840582106,4252.23840582106,4252.23840582106,observed,-20.6690073017013,observed,7342.00189954443,26.9999999999854,403.173473571539,336.746704015177,483.950018188698
Connecticut,2020-06-23,529,93.1,93.1,93.1,40.9,40.9,40.9,38,38,38,11.5,11.5,11.5,5.6,5.6,5.6,0,0,0,0,0,0,14,14,14,4277,4277,4277,7.23925079857963,7.23925079857963,7.23925079857963,4259.47765661964,4259.47765661964,4259.47765661964,observed,-21.0093319018421,observed,7756.50357448623,116.999999999993,403.894825771116,336.537471050119,486.492332494451
Connecticut,2020-06-24,529,87.9,87.9,87.9,38.6,38.6,38.6,35.9,35.9,35.9,11,11,11,5.3,5.3,5.3,0,0,0,0,0,0,10,10,10,4287,4287,4287,6.80494873733096,6.80494873733096,6.80494873733096,4266.28260535697,4266.28260535697,4266.28260535697,observed,-21.4217167231588,observed,8205.51628200535,14.0000000000218,406.177168777721,339.304332212071,489.377050067841
Connecticut,2020-06-25,529,83.1,83.1,83.1,36.5,36.5,36.5,34,34,34,10.4,10.4,10.4,5.1,5.1,5.1,0,0,0,0,0,0,11,11,11,4298,4298,4298,6.40565034317933,6.40565034317933,6.40565034317933,4272.68825570015,4272.68825570015,4272.68825570015,observed,-21.8344355337225,observed,8643.23336685083,80.9999999999927,409.864978715953,340.202147354902,496.397031191326
Connecticut,2020-06-26,529,78.7,78.7,78.7,34.6,34.6,34.6,32.3,32.3,32.3,10,10,10,4.8,4.8,4.8,0,0,0,0,0,0,9,9,9,4307,4307,4307,6.0404612764396,6.0404612764396,6.0404612764396,4278.72871697659,4278.72871697659,4278.72871697659,observed,-22.2276655919794,observed,9023.5054920466,65.0000000000291,414.785537862446,342.167221976565,506.50667906669
Connecticut,2020-06-27,529,74.8,74.8,74.8,32.9,32.9,32.9,30.7,30.7,30.7,9.6,9.6,9.6,4.6,4.6,4.6,0,0,0,0,0,0,4,4,4,4311,4311,4311,5.70841461868076,5.70841461868076,5.70841461868076,4284.43713159527,4284.43713159527,4284.43713159527,observed,-22.6211956430289,observed,9310.42114441561,147.999999999978,420.74689003876,345.500770478083,521.267860544912
Connecticut,2020-06-28,529,71.4,71.4,71.4,31.4,31.4,31.4,29.3,29.3,29.3,9.3,9.3,9.3,4.5,4.5,4.5,0,0,0,0,0,0,5,5,5,4316,4316,4316,5.40848551972977,5.40848551972977,5.40848551972977,4289.845617115,4289.845617115,4289.845617115,observed,-23.0333411929152,observed,9486.78142887375,96.9999999999927,427.544350467759,344.051337005674,533.052570059072
Connecticut,2020-06-29,529,68.3,68.3,68.3,30.1,30.1,30.1,28.1,28.1,28.1,9,9,9,4.3,4.3,4.3,0,0,0,0,0,0,4,4,4,4320,4320,4320,5.13953341674005,5.13953341674005,5.13953341674005,4294.98515053174,4294.98515053174,4294.98515053174,observed,-23.4489428988831,observed,9556.6365386912,59.0000000000146,434.927215715079,347.632541461996,549.368652862134
Connecticut,2020-06-30,529,65.6,65.6,65.6,28.9,28.9,28.9,27.1,27.1,27.1,8.8,8.8,8.8,4.2,4.2,4.2,0,0,0,0,0,0,2,2,2,4322,4322,4322,4.90040351848893,4.90040351848893,4.90040351848893,4299.88555405023,4299.88555405023,4299.88555405023,observed,-23.8203655705369,observed,9540.5611010961,153.000000000007,442.599100487185,347.650473908217,561.494609853344
Connecticut,2020-07-01,529,63.3,63.3,63.3,27.9,27.9,27.9,26.2,26.2,26.2,8.6,8.6,8.6,4.1,4.1,4.1,0,0,0,0,0,0,2,2,2,4324,4324,4324,4.68996291457097,4.68996291457097,4.68996291457097,4304.5755169648,4304.5755169648,4304.5755169648,observed,-24.0969737556506,observed,9466.43209051157,57.9999999999709,450.317813459106,350.655274421186,586.017626344707
Connecticut,2020-07-02,529,61.4,61.4,61.4,27.1,27.1,27.1,25.4,25.4,25.4,8.4,8.4,8.4,4.1,4.1,4.1,0,0,0,0,0,0,2,2,2,4326,4326,4326,4.50700849662917,4.50700849662917,4.50700849662917,4309.08252546143,4309.08252546143,4309.08252546143,observed,-24.2399548978667,observed,9360.47638272919,74.0000000000218,457.928523500542,351.889117816521,612.42719012163
Connecticut,2020-07-03,529,59.8,59.8,59.8,26.4,26.4,26.4,24.8,24.8,24.8,8.4,8.4,8.4,4,4,4,0,0,0,0,0,0,9,9,9,4335,4335,4335,4.35032402892011,4.35032402892011,4.35032402892011,4313.43284949035,4313.43284949035,4313.43284949035,observed,-24.2147521160662,observed,9242.11712773809,70.9999999999782,465.327976968057,352.04151467109,632.543438209553
Connecticut,2020-07-04,529,58.5,58.5,58.5,25.9,25.9,25.9,24.4,24.4,24.4,8.3,8.3,8.3,4,4,4,0,0,0,0,0,0,0,0,0,4335,4335,4335,4.21869509392036,4.21869509392036,4.21869509392036,4317.65154458427,4317.65154458427,4317.65154458427,observed,-23.996441027033,observed,9123.14917593692,0,472.515253204666,352.487773108933,666.380620919575
Connecticut,2020-07-05,529,57.5,57.5,57.5,25.5,25.5,25.5,24,24,24,8.3,8.3,8.3,4,4,4,0,0,0,0,0,0,0,0,0,4335,4335,4335,4.11086472810075,4.11086472810075,4.11086472810075,4321.76240931237,4321.76240931237,4321.76240931237,observed,-23.5994148676506,observed,9009.80650931403,0,479.633522183818,352.487785480297,699.645595406531
Connecticut,2020-07-06,529,56.8,56.8,56.8,25.2,25.2,25.2,23.8,23.8,23.8,8.3,8.3,8.3,4,4,4,0,0,0,0,0,0,3,3,3,4338,4338,4338,4.02556169145009,4.02556169145009,4.02556169145009,4325.78797100382,4325.78797100382,4325.78797100382,observed,-23.0562289549057,observed,8905.93177140635,260.000000000015,486.837396691352,352.487797853591,736.804431210854
Connecticut,2020-07-07,529,56.4,56.4,56.4,25,25,25,23.7,23.7,23.7,8.4,8.4,8.4,4,4,4,0,0,0,0,0,0,0,0,0,4338,4338,4338,3.9615850291093,3.9615850291093,3.9615850291093,4329.74955603293,4329.74955603293,4329.74955603293,observed,-22.3710040217179,observed,8815.99464910294,56.9999999999927,493.856922985389,352.487810225923,775.662924687611
Connecticut,2020-07-08,529,56.3,56.3,56.3,25,25,25,23.7,23.7,23.7,8.4,8.4,8.4,4.1,4.1,4.1,0,0,0,0,0,0,5,5,5,4343,4343,4343,3.91779342247992,3.91779342247992,3.91779342247992,4333.66734945541,4333.66734945541,4333.66734945541,observed,-21.5423013532966,observed,8747.07231478935,74.9999999999854,501.660262556461,352.487816412188,810.563275426633
Connecticut,2020-07-09,529,56.3,56.3,56.3,25,25,25,23.8,23.8,23.8,8.5,8.5,8.5,4.1,4.1,4.1,0,0,0,0,0,0,5,5,5,4348,4348,4348,3.89300540798013,3.89300540798013,3.89300540798013,4337.56035486339,4337.56035486339,4337.56035486339,observed,-20.5929946730655,observed,8709.07191479383,101.000000000022,510.708503552271,353.012795083213,840.056077338568
Connecticut,2020-07-10,529,56.6,56.6,56.6,25.2,25.2,25.2,23.9,23.9,23.9,8.7,8.7,8.7,4.2,4.2,4.2,0,0,0,0,0,0,0,0,0,4348,4348,4348,3.88603499729015,3.88603499729015,3.88603499729015,4341.44638986068,4341.44638986068,4341.44638986068,observed,-19.5872106928577,observed,8712.92168194038,78.0000000000073,520.791683977706,355.624211752065,881.296895660111
Connecticut,2020-07-11,529,57.1,57.1,57.1,25.4,25.4,25.4,24.2,24.2,24.2,8.8,8.8,8.8,4.2,4.2,4.2,0,0,0,0,0,0,0,0,0,4348,4348,4348,3.89567863241973,3.89567863241973,3.89567863241973,4345.3420684931,4345.3420684931,4345.3420684931,observed,-18.6289416078221,observed,8767.30038808178,0,531.293723560465,355.855718325824,928.478500302718
Connecticut,2020-07-12,529,57.7,57.7,57.7,25.7,25.7,25.7,24.5,24.5,24.5,9,9,9,4.3,4.3,4.3,0,0,0,0,0,0,0,0,0,4348,4348,4348,3.92058570636073,3.92058570636073,3.92058570636073,4349.26265419946,4349.26265419946,4349.26265419946,observed,-17.8411298412402,observed,8875.26391516813,0,543.393074787162,359.053441713669,978.51639440367
Connecticut,2020-07-13,529,58.5,58.5,58.5,26.1,26.1,26.1,24.9,24.9,24.9,9.2,9.2,9.2,4.4,4.4,4.4,0,0,0,0,0,0,23,23,23,4371,4371,4371,3.95926683563994,3.95926683563994,3.95926683563994,4353.2219210351,4353.2219210351,4353.2219210351,observed,-17.3024403703338,observed,9032.18055739278,223.999999999993,555.314011184167,361.101943733543,1032.79721022923
Connecticut,2020-07-14,529,59.4,59.4,59.4,26.5,26.5,26.5,25.3,25.3,25.3,9.3,9.3,9.3,4.5,4.5,4.5,0,0,0,0,0,0,1,1,1,4372,4372,4372,4.01000521947026,4.01000521947026,4.01000521947026,4357.23192625457,4357.23192625457,4357.23192625457,observed,-17.0202583793808,observed,9225.81281575768,20.0000000000146,566.23392711363,363.013599735219,1088.71124912059
Connecticut,2020-07-15,529,60.4,60.4,60.4,26.9,26.9,26.9,25.7,25.7,25.7,9.5,9.5,9.5,4.6,4.6,4.6,0,0,0,0,0,0,8,8,8,4380,4380,4380,4.07090056487959,4.07090056487959,4.07090056487959,4361.30282681945,4361.30282681945,4361.30282681945,observed,-16.9602782333588,observed,9438.51782630713,105.999999999985,575.534772594442,362.780848052388,1137.62705589691
Connecticut,2020-07-16,529,61.4,61.4,61.4,27.4,27.4,27.4,26.2,26.2,26.2,9.6,9.6,9.6,4.6,4.6,4.6,0,0,0,0,0,0,9,9,9,4389,4389,4389,4.13991479392007,4.13991479392007,4.13991479392007,4365.44274161337,4365.44274161337,4365.44274161337,observed,-17.0700545794403,observed,9650.9915195639,114.000000000015,582.740985138415,367.025922940858,1181.40165640879
Connecticut,2020-07-17,529,62.4,62.4,62.4,27.8,27.8,27.8,26.6,26.6,26.6,9.8,9.8,9.8,4.7,4.7,4.7,0,0,0,0,0,0,7,7,7,4396,4396,4396,4.21483643261945,4.21483643261945,4.21483643261945,4369.65757804599,4369.65757804599,4369.65757804599,observed,-17.299464088506,observed,9846.64526810453,144,587.588482047893,369.511079234001,1217.71201895496
Connecticut,2020-07-18,529,63.4,63.4,63.4,28.3,28.3,28.3,27,27,27,9.9,9.9,9.9,4.8,4.8,4.8,0,0,0,0,0,0,0,0,0,4396,4396,4396,4.29293807565045,4.29293807565045,4.29293807565045,4373.95051612164,4373.95051612164,4373.95051612164,projected,-17.299464088506,observed,10015.5045072926,0,590.397409528266,366.417262485228,1239.03753971844
Connecticut,2020-07-19,529,64.4,64.4,64.4,28.7,28.7,28.7,27.5,27.5,27.5,10.1,10.1,10.1,4.8,4.8,4.8,0,0,0,0,0,0,0,0,0,4396,4396,4396,4.37059692748062,4.37059692748062,4.37059692748062,4378.32111304912,4378.32111304912,4378.32111304912,projected,-17.3048388532226,observed,10156.2229337035,,593.032491739687,361.574185550213,1285.91947054922
Connecticut,2020-07-20,529,65.4,65.4,65.4,29.1,29.1,29.1,27.9,27.9,27.9,10.2,10.2,10.2,4.9,4.9,4.9,0,0,0,0,0,0,10,10,10,4406,4406,4406,4.44447130991921,4.44447130991921,4.44447130991921,4382.76558435904,4382.76558435904,4382.76558435904,projected,-17.3102136179392,observed,10275.0583602255,,594.886585682128,360.095301543653,1311.83095543245
Connecticut,2020-07-21,529,66.4,66.4,66.4,29.6,29.6,29.6,28.3,28.3,28.3,10.4,10.4,10.4,5,5,5,0,0,0,0,0,0,0,0,0,4406,4406,4406,4.5147324810996,4.5147324810996,4.5147324810996,4387.28031684014,4387.28031684014,4387.28031684014,projected,-17.3155883826557,observed,10381.7717559283,41.0000000000146,595.972007762642,356.727696393407,1341.3532961965
Connecticut,2020-07-22,529,67.4,64.1,74,30,28.5,33.1,28.7,27.2,31.9,10.5,7.3,17.2,5,3.5,8.2,0,0,0,0,0,0,0,0,0,4406,4406,4406,4.58393235416042,4.58393235416042,4.58393235416042,4391.8642491943,4391.8642491943,4391.8642491943,projected,-17.3209631473723,projected,10457.5511118109,127.000000000015,596.786344404145,353.662320581614,1373.02043724308
Connecticut,2020-07-23,529,68.4,61.7,82.4,30.5,27.4,37.1,29.2,26.1,35.8,10.7,7.3,18.1,5.2,3.5,8.6,0,0,0,0,0,0,4,4,4,4410,4410,4410,4.65286690582889,4.65286690582889,4.65286690582889,4396.51711610013,4396.51711610013,4396.51711610013,projected,-17.3263379120889,projected,10533.3304676936,8.99999999996362,597.437372759977,350.348089464009,1408.09481845886
Connecticut,2020-07-24,529,69.5,59.4,91.6,31,26.2,41.4,29.7,24.9,40,11,7.3,19,5.3,3.6,9,0,0,0,0,0,0,3,3,3,4413,4413,4413,4.72251090815007,4.72251090815007,4.72251090815007,4401.23962700828,4401.23962700828,4401.23962700828,projected,-17.3317126768055,projected,10609.1098235763,104.000000000015,597.164562110623,346.679276625952,1423.22546147375
Connecticut,2020-07-25,529,70.8,56.8,101.6,31.6,24.9,46.1,30.2,23.6,44.7,11.2,7.3,19.9,5.4,3.5,9.6,0,0,0,0,0,0,0,0,0,4413,4413,4413,4.79435897594158,4.79435897594158,4.79435897594158,4406.03398598422,4406.03398598422,4406.03398598422,projected,-17.337087441522,projected,10684.889179459,,595.928211258911,339.489581452031,1430.98016264732
Connecticut,2020-07-26,529,72.1,54.1,112.3,32.2,23.6,51.2,30.8,22.3,49.7,11.4,7.4,20.8,5.5,3.6,10,0,0,0,0,0,0,0,0,0,4413,4413,4413,4.8684787311995,4.8684787311995,4.8684787311995,4410.90246471542,4410.90246471542,4410.90246471542,projected,-17.3424622062386,projected,10760.6685353417,,594.050184383639,332.462138619553,1450.54044347862
Connecticut,2020-07-27,529,73.5,51.5,123.2,32.8,22.3,56.4,31.4,21,54.8,11.7,7.5,21.9,5.6,3.6,10.5,0,0,0,0,0,0,4.92400793617468,3.41386405260309,8.0489766978335,4415.82647265159,4414.31632876802,4418.95144141325,4.92400793617468,3.41386405260309,8.0489766978335,4415.82647265159,4414.31632876802,4418.95144141325,projected,-17.3478369709552,projected,10836.4478912244,,591.543836724402,326.539485580393,1480.0247460839
Connecticut,2020-07-28,529,75,50.1,131.5,33.5,22.4,58.8,32.1,21.2,57.1,11.9,7.7,23,5.7,3.7,11,0,0,0,0,0,0,5.03111817914489,3.4159616388032,8.47826983744594,4420.85759083074,4417.73019294045,4427.43693979051,5.03111817914489,3.4159616388032,8.47826983744594,4420.85759083074,4417.73019294045,4427.43693979051,projected,-17.3532117356718,projected,10912.2272471071,,588.424515655591,318.621069310605,1480.67355552601
Connecticut,2020-07-29,529,76.5,50.1,138.3,34.1,22.5,61.9,32.7,21.3,60.1,12,7.7,23.8,5.8,3.7,11.4,0,0,0,0,0,0,5.14251330367939,3.43976211486975,8.91876911742861,4426.00010413442,4421.23518552941,4436.35570890794,5.14251330367939,3.43976211486975,8.91876911742861,4426.00010413442,4421.23518552941,4436.35570890794,projected,-17.3585865003883,projected,10988.0066029898,,585.008027394413,312.975922354253,1487.30300134551
Connecticut,2020-07-30,529,77.8,50.5,146.2,34.7,22.6,65.3,33.3,21.4,63.2,12.1,7.6,24.6,5.8,3.7,11.8,0,0,0,0,0,0,5.25618100858078,3.44514574493276,9.34227618061934,4431.256285143,4424.67941779859,4445.73183683431,5.25618100858078,3.44514574493276,9.34227618061934,4431.256285143,4424.67941779859,4445.73183683431,projected,-17.3639612651049,projected,11063.7859588725,,581.414670998749,305.92031865851,1497.98228345362
Connecticut,2020-07-31,529,79,51,152.2,35.2,22.8,68,33.7,21.6,65.9,12.2,7.5,25.3,5.9,3.6,12.1,0,0,0,0,0,0,5.36734619972816,3.49083090878089,9.73539339227971,4436.62363134273,4428.17464897624,4455.49487109797,5.36734619972816,3.49083090878089,9.73539339227971,4436.62363134273,4428.17464897624,4455.49487109797,projected,-17.2619474460322,projected,11139.5653147551,,577.480888437287,300.985749254504,1506.36790874832
Connecticut,2020-08-01,529,79.9,51.2,157.3,35.6,22.8,70.2,34.1,21.6,68,12.3,7.5,26,5.9,3.6,12.5,0,0,0,0,0,0,5.47404031334117,3.50051588788297,10.2630166676925,4442.09767165607,4431.75440929146,4465.41677044844,5.47404031334117,3.50051588788297,10.2630166676925,4442.09767165607,4431.75440929146,4465.41677044844,projected,-17.1598141011155,projected,11215.3446706378,,573.165973208441,294.683086554403,1521.98097126954
Connecticut,2020-08-02,529,80.7,50.8,163.1,35.9,22.6,72.9,34.4,21.4,70.5,12.3,7.4,26.6,5.9,3.6,12.8,0,0,0,0,0,0,5.59579266242889,3.6173748046527,10.7941786174366,4447.6934643185,4435.33828674777,4475.71334814405,5.59579266242889,3.6173748046527,10.7941786174366,4447.6934643185,4435.33828674777,4475.71334814405,projected,-17.0575683310107,projected,11291.1240265205,,568.422541936949,289.336979691242,1538.92013474805
Connecticut,2020-08-03,529,81.3,50.1,167.7,36.2,22.3,74.9,34.6,21.2,72.3,12.3,7.3,27.4,5.9,3.5,13.2,0,0,0,0,0,0,5.65127053846377,3.60412206308604,11.1512016798996,4453.34473485696,4438.76102156829,4486.59584671916,5.65127053846377,3.60412206308604,11.1512016798996,4453.34473485696,4438.76102156829,4486.59584671916,projected,-16.9552172662334,projected,11366.9033824032,,563.282732277876,283.011252297484,1550.77597083105
Connecticut,2020-08-04,529,81.6,50,172.6,36.3,22.2,77.1,34.7,21.1,74.3,12.3,7.2,28,5.9,3.5,13.5,0,0,0,0,0,0,5.69370987205504,3.56138449597408,11.5334086201621,4459.03844472902,4442.29913639861,4498.2331111621,5.69370987205504,3.56138449597408,11.5334086201621,4459.03844472902,4442.29913639861,4498.2331111621,projected,-16.8527680651622,projected,11442.6827382859,,557.773040035715,276.676110411878,1546.22781156423
Connecticut,2020-08-05,529,81.9,49.8,177.2,36.4,22,79.2,34.8,21,76.3,12.3,7.1,28.5,5.9,3.4,13.7,0,0,0,0,0,0,5.72510842445142,3.50978184694527,11.8532850518749,4464.76355315347,4445.97367981023,4510.44822204233,5.72510842445142,3.50978184694527,11.8532850518749,4464.76355315347,4445.97367981023,4510.44822204233,projected,-16.7502279120264,projected,11518.4620941686,,552.11566810946,270.186585710722,1539.40755348513
Connecticut,2020-08-06,529,82.1,49.1,182.3,36.5,21.7,81.4,34.9,20.7,78.3,12.3,7,29.1,5.9,3.4,14,0,0,0,0,0,0,5.74743952582431,3.50398158519542,12.179387788035,4470.51099267929,4449.64647752383,4523.06054786088,5.74743952582431,3.50398158519542,12.179387788035,4470.51099267929,4449.64647752383,4523.06054786088,projected,-16.6476040148769,projected,11594.2414500513,,546.427013583172,263.840127946017,1530.95967589007
Connecticut,2020-08-07,529,82.2,48.4,186.2,36.6,21.4,83.1,34.9,20.4,79.9,12.3,6.9,29.6,5.9,3.3,14.2,0,0,0,0,0,0,5.76448848180205,3.49106793183696,12.4918500459705,4476.27548116109,4453.29962510026,4535.49059749241,5.76448848180205,3.49106793183696,12.4918500459705,4476.27548116109,4453.29962510026,4535.49059749241,projected,-16.544903603545,projected,11670.020805934,,540.437148161021,256.690274487901,1522.00528085807
Connecticut,2020-08-08,529,82.2,47.6,189.7,36.6,21.1,84.7,34.9,20.1,81.4,12.3,6.8,30,5.9,3.3,14.4,0,0,0,0,0,0,5.77760543631456,3.44508586553402,12.855483697944,4482.05308659741,4456.79128058473,4547.94700311914,5.77760543631456,3.44508586553402,12.855483697944,4482.05308659741,4456.79128058473,4547.94700311914,projected,-16.442133927586,projected,11745.8001618166,,534.090989776353,249.04915225294,1536.1041584512
Connecticut,2020-08-09,529,82.2,46.8,193.9,36.5,20.7,86.6,34.9,19.7,83.1,12.2,6.6,30.6,5.9,3.2,14.7,0,0,0,0,0,0,5.78510166011542,3.39558706497737,13.1446332433812,4487.83818825752,4460.26155401872,4560.59948908947,5.78510166011542,3.39558706497737,13.1446332433812,4487.83818825752,4460.26155401872,4560.59948908947,projected,-16.3393022542139,projected,11821.5795176993,,527.519186364873,241.576051690418,1548.88195061955
Connecticut,2020-08-10,529,82,45.9,196.3,36.5,20.4,87.4,34.8,19.4,84,12.2,6.5,30.7,5.9,3.1,14.8,0,0,0,0,0,0,5.78659890336034,3.34446442110193,13.3794549364519,4493.62478716088,4463.69133007277,4574.52006552366,5.78659890336034,3.34446442110193,13.3794549364519,4493.62478716088,4463.69133007277,4574.52006552366,projected,-16.2364158662242,projected,11897.358873582,,520.740711354099,235.512620862899,1560.20511732206
Connecticut,2020-08-11,529,81.8,45.2,200.7,36.4,20,89.5,34.7,19,85.8,12.1,6.3,30.9,5.8,3.1,14.9,0,0,0,0,0,0,5.78242919477514,3.28810141571414,13.652690274606,4499.40721635566,4466.84224025028,4588.80553764471,5.78242919477514,3.28810141571414,13.652690274606,4499.40721635566,4466.84224025028,4588.80553764471,projected,-16.1334820599076,projected,11973.1382294647,,513.774201077055,229.537769587419,1570.43479366461
Connecticut,2020-08-12,529,81.5,44.4,203.2,36.2,19.7,90.4,34.5,18.6,86.5,12,6.2,31.1,5.8,3,15,0,0,0,0,0,0,5.77177849491029,3.22693677514962,13.8816339173054,4505.17899485057,4469.94766888018,4602.46152574432,5.77177849491029,3.22693677514962,13.8816339173054,4505.17899485057,4469.94766888018,4602.46152574432,projected,-16.030508142959,projected,12048.9175853474,,506.73883154794,222.081273213506,1580.68884344068
Connecticut,2020-08-13,529,81.1,43.4,204.5,36,19.2,91.1,34.3,18.2,87.2,11.9,6.1,31.5,5.7,3,15.1,0,0,0,0,0,0,5.7538109657477,3.17227227525,14.094275902809,4510.93280581632,4473.30468939601,4615.61629108554,5.7538109657477,3.17227227525,14.094275902809,4510.93280581632,4473.30468939601,4615.61629108554,projected,-15.9275014323759,projected,12124.6969412301,,499.742210910982,214.835862145014,1590.48297539791
Connecticut,2020-08-14,529,80.7,42.4,205.9,35.8,18.8,91.7,34.1,17.9,87.7,11.8,6,31.7,5.7,2.9,15.3,0,0,0,0,0,0,5.72983791971571,3.11833523470357,14.3621038909366,4516.66264373603,4476.23421105088,4629.18293874475,5.72983791971571,3.11833523470357,14.3621038909366,4516.66264373603,4476.23421105088,4629.18293874475,projected,-15.8244692523565,projected,12200.4762971128,,492.697017065802,208.110093019996,1598.86946455263
Connecticut,2020-08-15,529,80.2,41.8,207.1,35.6,18.5,92.3,33.9,17.5,88.4,11.7,5.9,31.9,5.7,2.8,15.3,0,0,0,0,0,0,5.70136444829973,3.04559869457389,14.4054418839502,4522.36400818433,4479.09535357899,4643.77860774474,5.70136444829973,3.04559869457389,14.4054418839502,4522.36400818433,4479.09535357899,4643.77860774474,projected,-15.5495502854771,projected,12276.2556529955,,485.938914455219,202.648891327262,1605.58074537745
Connecticut,2020-08-16,529,79.6,41,210.1,35.4,18.2,93.7,33.7,17.3,89.7,11.6,5.8,32.1,5.6,2.8,15.4,0,0,0,0,0,0,5.6688628784885,2.97317952868243,14.5073017718385,4528.03287106282,4482.39536808567,4658.50748503627,5.6688628784885,2.97317952868243,14.5073017718385,4528.03287106282,4482.39536808567,4658.50748503627,projected,-15.4357073730569,projected,12352.0350088782,,479.144530389738,196.568158897385,1588.91481103573
Connecticut,2020-08-17,529,79,40.2,210.6,35.1,17.8,93.7,33.4,16.9,89.8,11.5,5.6,32,5.5,2.7,15.4,0,0,0,0,0,0,5.63279630347107,2.93051023141481,14.5897775677629,4533.66566736629,4485.59422609571,4673.35893887391,5.63279630347107,2.93051023141481,14.5897775677629,4533.66566736629,4485.59422609571,4673.35893887391,projected,-15.3218606404207,projected,12427.8143647608,,471.955647967205,190.879675823031,1569.23202947014
Connecticut,2020-08-18,529,78.4,39.5,212.8,34.8,17.5,94.8,33.1,16.6,90.6,11.4,5.5,31.9,5.5,2.6,15.4,0,0,0,0,0,0,5.59353753529116,2.87666618072246,14.7700172048379,4539.25920490158,4488.47964413111,4688.29421485402,5.59353753529116,2.87666618072246,14.7700172048379,4539.25920490158,4488.47964413111,4688.29421485402,projected,-15.208018148492,projected,12503.5937206435,,464.767109110262,185.101137532957,1548.02540659377
Connecticut,2020-08-19,529,77.7,38.6,213.3,34.5,17.1,94.9,32.8,16.2,90.6,11.3,5.3,31.8,5.4,2.6,15.3,0,0,0,0,0,0,5.55090664432445,2.82024379926881,14.891454276334,4544.81011154591,4491.34195278789,4703.2865811714,5.55090664432445,2.82024379926881,14.891454276334,4544.81011154591,4491.34195278789,4703.2865811714,projected,-15.0941879545185,projected,12579.3730765262,,457.65056216965,181.342188061657,1533.56776134116
Connecticut,2020-08-20,529,77,37.8,213.1,34.2,16.7,94.8,32.5,15.8,90.5,11.2,5.1,32,5.4,2.5,15.4,0,0,0,0,0,0,5.5045889761955,2.76649945236854,14.9693628549159,4550.3147005221,4494.49900508635,4718.31013179626,5.5045889761955,2.76649945236854,14.9693628549159,4550.3147005221,4494.49900508635,4718.31013179626,projected,-14.9803781097591,projected,12655.1524324089,,450.761083812083,174.990277565259,1502.34574450703
Connecticut,2020-08-21,529,76.2,36.7,212.6,33.8,16.2,94.5,32.2,15.3,90.2,11,5,32.2,5.3,2.4,15.5,0,0,0,0,0,0,5.45497851095978,2.70727576622885,15.0365055560305,4555.76967903306,4497.23497832594,4733.32207081031,5.45497851095978,2.70727576622885,15.0365055560305,4555.76967903306,4497.23497832594,4733.32207081031,projected,-14.8665966571761,projected,12730.9317882916,,444.226057438427,169.059966091439,1478.35295454357
Connecticut,2020-08-22,529,75.4,35.5,211.8,33.5,15.7,94.3,31.8,14.8,90.2,10.9,4.8,32.4,5.2,2.3,15.6,0,0,0,0,0,0,5.40276417880945,2.64490016512725,15.01935129092,4561.17244321187,4499.79256423362,4748.40128177215,5.40276417880945,2.64490016512725,15.01935129092,4561.17244321187,4499.79256423362,4748.40128177215,projected,-14.7528516291338,projected,12806.7111441743,,438.007742293983,163.903852896031,1469.69786540372
Connecticut,2020-08-23,529,74.5,34.5,213.4,33.1,15.2,95.1,31.4,14.4,90.9,10.7,4.7,32.6,5.2,2.3,15.7,0,0,0,0,0,0,5.34810664059499,2.56754270197825,14.9753021161605,4566.52054985247,4502.28873659989,4764.64087956625,5.34810664059499,2.56754270197825,14.9753021161605,4566.52054985247,4502.28873659989,4764.64087956625,projected,-14.6391510451054,projected,12882.490500057,,432.052401903669,158.979011772852,1473.48228938724
Connecticut,2020-08-24,529,73.7,33.4,215.1,32.7,14.8,95.8,31.1,14,91.6,10.6,4.6,32.8,5.1,2.2,15.8,0,0,0,0,0,0,5.29107346109726,2.48434790177248,14.9150030727045,4571.81162331357,4504.72352332829,4781.3069077229,5.29107346109726,2.48434790177248,14.9150030727045,4571.81162331357,4504.72352332829,4781.3069077229,projected,-14.52550290939,projected,12958.2698559397,,426.373274015168,155.002695568791,1479.15625511511
Connecticut,2020-08-25,529,72.8,32.5,216.6,32.3,14.4,96.4,30.7,13.6,92.2,10.5,4.5,32.6,5,2.2,15.7,0,0,0,0,0,0,5.23199581720807,2.41091799571129,14.9993362456767,4577.04361913077,4507.09755526541,4796.30718129748,5.23199581720807,2.41091799571129,14.9993362456767,4577.04361913077,4507.09755526541,4796.30718129748,projected,-14.4119152088394,projected,13034.0492118223,,420.987173106847,151.551352885226,1482.69280729869
Connecticut,2020-08-26,529,71.9,31.6,218,31.9,14,97,30.3,13.2,92.7,10.3,4.4,33,5,2.1,15.8,0,0,0,0,0,0,5.17072192481043,2.33671293419432,15.1148717951248,4582.21434105558,4509.41210279003,4810.598866199,5.17072192481043,2.33671293419432,15.1148717951248,4582.21434105558,4509.41210279003,4810.598866199,projected,-14.2983959105996,projected,13109.828567705,,415.843215736339,148.084329699038,1491.89535454573
Connecticut,2020-08-27,529,70.9,30.8,218.5,31.5,13.6,97.1,29.9,12.9,92.6,10.2,4.3,33.4,4.9,2.1,16,0,0,0,0,0,0,5.10696929554262,2.27111585679122,15.2160756200199,4587.32131035113,4511.75917978137,4823.14923679657,5.10696929554262,2.27111585679122,15.2160756200199,4587.32131035113,4511.75917978137,4823.14923679657,projected,-14.1849529598636,projected,13185.6079235877,,411.004253898101,144.411069125449,1490.39161184889
Connecticut,2020-08-28,529,70,30.1,217.5,31,13.3,96.8,29.5,12.6,92.7,10,4.1,33.5,4.8,2,16.1,0,0,0,0,0,0,5.04123705451463,2.21176487557493,15.3084499366237,4592.36254740564,4514.04844914158,4836.76046846526,5.04123705451463,2.21176487557493,15.3084499366237,4592.36254740564,4514.04844914158,4836.76046846526,projected,-14.0715942776413,projected,13261.3872794704,,406.662537407565,141.269056123658,1473.9944401382
Connecticut,2020-08-29,529,69,29.3,220.5,30.6,13,98.3,29.1,12.3,94.1,9.9,4,33.4,4.8,1.9,16.1,0,0,0,0,0,0,4.97429241875124,2.15604722005776,15.373137187204,4597.33683982439,4516.28574165863,4848.91718068304,4.97429241875124,2.15604722005776,15.373137187204,4597.33683982439,4516.28574165863,4848.91718068304,projected,-13.9583277585462,projected,13337.1666353531,,402.686225102598,137.465829428297,1457.901496057
Connecticut,2020-08-30,529,68.1,28.6,222.6,30.2,12.6,99.1,28.7,11.9,94.6,9.7,3.9,32.6,4.7,1.9,15.7,0,0,0,0,0,0,4.90644401465395,2.10099670031168,15.2998334162186,4602.24328383905,4518.48003938304,4865.03548546997,4.90644401465395,2.10099670031168,15.2998334162186,4602.24328383905,4518.48003938304,4865.03548546997,projected,-13.8451612685978,projected,13412.9459912358,,398.885553723075,134.493168000167,1442.00300064954
Connecticut,2020-08-31,529,67.1,27.7,223.5,29.8,12.3,99.5,28.2,11.6,95,9.6,3.8,31.9,4.6,1.8,15.4,0,0,0,0,0,0,4.83865831406171,2.04912672023843,15.4590303029774,4607.08194215311,4520.5874232703,4878.85291805959,4.83865831406171,2.04912672023843,15.4590303029774,4607.08194215311,4520.5874232703,4878.85291805959,projected,-13.7321026430474,projected,13488.7253471185,,395.271519882804,132.572788504837,1426.44490754462
Connecticut,2020-09-01,529,66.1,26.9,222.9,29.3,11.9,98.7,27.8,11.2,93.6,9.4,3.7,32.1,4.6,1.8,15.5,0,0,0,0,0,0,4.77120279261972,1.99720106274076,15.6446903082545,4611.85314494573,4522.65237870166,4892.43654597681,4.77120279261972,1.99720106274076,15.6446903082545,4611.85314494573,4522.65237870166,4892.43654597681,projected,-13.6191596842204,projected,13564.5047030012,,391.846760670856,129.367331552133,1416.95505453919
Connecticut,2020-09-02,529,65.2,26.1,218.1,28.9,11.6,96.6,27.4,10.9,91.5,9.3,3.5,31.9,4.5,1.7,15.4,0,0,0,0,0,0,4.70335113295395,1.94126997352382,15.7038064789228,4616.55649607868,4524.54299148436,4905.77880818928,4.70335113295395,1.94126997352382,15.7038064789228,4616.55649607868,4524.54299148436,4905.77880818928,projected,-13.506340159384,projected,13640.2840588838,,388.481284836022,126.278073328768,1400.95480747134
Connecticut,2020-09-03,529,64.2,25.4,213.5,28.5,11.2,95,27,10.6,90.8,9.2,3.4,31.5,4.4,1.7,15.2,0,0,0,0,0,0,4.63519602483308,1.8807554608602,15.6574171101708,4621.19169210352,4526.58331851395,4918.8518880815,4.63519602483308,1.8807554608602,15.6574171101708,4621.19169210352,4526.58331851395,4918.8518880815,projected,-13.3936517986355,projected,13716.0634147665,,385.227663136024,123.338020330272,1385.20884663302
Connecticut,2020-09-04,529,63.2,24.8,214.9,28,10.9,95.7,26.6,10.3,91.2,9,3.4,30.9,4.4,1.6,14.9,0,0,0,0,0,0,4.56678575496182,1.82427033609804,15.3050807008836,4625.75847785848,4528.36888002886,4931.66135056984,4.56678575496182,1.82427033609804,15.3050807008836,4625.75847785848,4528.36888002886,4931.66135056984,projected,-13.2811022928172,projected,13791.8427706492,,382.386106146823,121.621871231252,1370.91917470387
Connecticut,2020-09-05,529,62.3,23.9,213.3,27.6,10.5,94.6,26.2,9.9,89.9,8.9,3.3,30.3,4.3,1.6,14.6,0,0,0,0,0,0,4.49764076759928,1.77538376476232,14.9725590246444,4630.25611862608,4530.03876835544,4944.18196779103,4.49764076759928,1.77538376476232,14.9725590246444,4630.25611862608,4530.03876835544,4944.18196779103,projected,-13.1686992914557,projected,13867.6221265319,,379.892957754253,120.144862190448,1374.38987907114
Connecticut,2020-09-06,529,61.4,23.2,210.3,27.2,10.2,93.3,25.8,9.7,88.6,8.8,3.2,30.4,4.2,1.5,14.6,0,0,0,0,0,0,4.42827935049233,1.72496207336985,15.0767235481029,4634.68439797657,4531.90048597847,4956.47357829752,4.42827935049233,1.72496207336985,15.0767235481029,4634.68439797657,4531.90048597847,4956.47357829752,projected,-13.0564504007284,projected,13943.4014824146,,377.56967267282,118.581771754881,1379.7601024193
Connecticut,2020-09-07,529,60.5,22.6,207.1,26.8,10,91.9,25.5,9.4,87.2,8.7,3.1,30.5,4.2,1.5,14.7,0,0,0,0,0,0,4.3606555539534,1.65860917230655,14.9871411714722,4639.04505353052,4533.76505786646,4970.57290771617,4.3606555539534,1.65860917230655,14.9871411714722,4639.04505353052,4533.76505786646,4970.57290771617,projected,-12.944363181459,projected,14019.1808382973,,375.420058093173,116.628352672933,1384.86470376392
Connecticut,2020-09-08,529,59.7,22,203.5,26.5,9.8,90.2,25.1,9.2,86,8.6,3.1,30.7,4.1,1.5,14.8,0,0,0,0,0,0,4.29597803286161,1.6115461153702,14.769831905322,4643.34103156338,4535.58155298217,4986.48908122637,4.29597803286161,1.6115461153702,14.769831905322,4643.34103156338,4535.58155298217,4986.48908122637,projected,-12.8324451471397,projected,14094.96019418,,373.443696798021,114.785442770261,1397.52469204796
Connecticut,2020-09-09,529,58.9,21.5,203.3,26.1,9.5,90.5,24.8,9,86.3,8.5,3,30.7,4.1,1.4,14.8,0,0,0,0,0,0,4.23461565821353,1.57261777865199,14.5046026658235,4647.5756472216,4537.35769802363,5002.41479837467,4.23461565821353,1.57261777865199,14.5046026658235,4647.5756472216,4537.35769802363,5002.41479837467,projected,-12.7207037619867,projected,14170.7395500627,,371.456991290547,112.407721003797,1395.56195778389
Connecticut,2020-09-10,529,58.2,21,204.1,25.8,9.3,90.8,24.5,8.8,86.7,8.4,2.9,30.3,4,1.4,14.6,0,0,0,0,0,0,4.17653915264134,1.53568613485686,14.1947511579645,4651.75218637424,4539.09169933282,5018.34231752985,4.17653915264134,1.53568613485686,14.1947511579645,4651.75218637424,4539.09169933282,5018.34231752985,projected,-12.6091464390252,projected,14246.5189059454,,369.502454832839,111.01040826434,1400.8226953891
Connecticut,2020-09-11,529,57.5,20.6,205.1,25.5,9.1,91.3,24.2,8.6,87.1,8.3,2.9,29.9,4,1.4,14.4,0,0,0,0,0,0,4.12123752377001,1.49614350785728,14.2595097546393,4655.87342389801,4540.80803883006,5034.2613511848,4.12123752377001,1.49614350785728,14.2595097546393,4655.87342389801,4540.80803883006,5034.2613511848,projected,-12.4977805382064,projected,14322.298261828,,367.975692281642,109.72045382245,1407.4290141919
Connecticut,2020-09-12,529,56.9,20,205.8,25.2,8.8,91.3,24,8.3,86.6,8.2,2.8,29.6,4,1.4,14.3,0,0,0,0,0,0,4.06858027290881,1.46566314799431,14.3128159578607,4659.94200417092,4542.69669673808,5050.1348079575,4.06858027290881,1.46566314799431,14.3128159578607,4659.94200417092,4542.69669673808,5050.1348079575,projected,-12.3866133645591,projected,14398.0776177107,,366.822112978468,108.824185621925,1415.19851440437
Connecticut,2020-09-13,529,56.3,19.5,203.2,25,8.6,90.1,23.7,8.2,85.5,8.2,2.7,29.3,3.9,1.3,14.1,0,0,0,0,0,0,4.02060758625888,1.43275762741919,14.3875098487525,4663.96261175718,4544.55531214693,5065.9487001735,4.02060758625888,1.43275762741919,14.3875098487525,4663.96261175718,4544.55531214693,5065.9487001735,projected,-12.2756521663746,projected,14473.8569735934,,365.821464235144,107.911693836632,1423.23831909716
Connecticut,2020-09-14,529,55.7,19.1,200.7,24.7,8.5,89.1,23.5,8,84.5,8.1,2.7,29.1,3.9,1.3,14,0,0,0,0,0,0,3.97685816125281,1.39025917038232,14.3854766158575,4667.93946991843,4546.38772917874,5081.79018077123,3.97685816125281,1.39025917038232,14.3854766158575,4667.93946991843,4546.38772917874,5081.79018077123,projected,-12.1649041334272,projected,14549.6363294761,,364.980980277011,106.368564562371,1431.35759747708
Connecticut,2020-09-15,529,55.2,18.8,198.4,24.5,8.3,88,23.3,7.9,83.5,8,2.6,28.8,3.9,1.3,13.9,0,0,0,0,0,0,3.93512952458075,1.36172547780006,14.2159833679446,4671.87459944301,4547.90017162001,5097.65624415993,3.93512952458075,1.36172547780006,14.2159833679446,4671.87459944301,4547.90017162001,5097.65624415993,projected,-12.0543763952298,projected,14625.4156853588,,364.303069195587,105.685757502413,1439.81242570872
Connecticut,2020-09-16,529,54.7,18.4,196.3,24.3,8.2,87.3,23,7.7,83.1,7.9,2.6,28.5,3.8,1.2,13.8,0,0,0,0,0,0,3.89576232323914,1.33713612705924,14.0482270748926,4675.77036176625,4549.20036477881,5113.33550719265,3.89576232323914,1.33713612705924,14.0482270748926,4675.77036176625,4549.20036477881,5113.33550719265,projected,-11.9440760193278,projected,14701.1950412415,,363.557513871222,104.431347385107,1447.62985226317
Connecticut,2020-09-17,529,54.2,18,195.2,24,8,86.6,22.8,7.5,82.3,7.9,2.5,28.3,3.8,1.2,13.6,0,0,0,0,0,0,3.85881336119498,1.31379216365469,13.8840993547735,4679.62917512744,4550.33685850449,5126.32996229576,3.85881336119498,1.31379216365469,13.8840993547735,4679.62917512744,4550.33685850449,5126.32996229576,projected,-11.8340100096296,projected,14776.9743971242,,362.779348937839,103.212413123972,1454.96773697674
Connecticut,2020-09-18,529,53.7,17.6,193.2,23.8,7.8,85.8,22.7,7.4,81.5,7.8,2.5,28.2,3.8,1.2,13.6,0,0,0,0,0,0,3.82366161920238,1.2846434330366,13.7620265192654,4683.45283674665,4551.7469058771,5139.22382851203,3.82366161920238,1.2846434330366,13.7620265192654,4683.45283674665,4551.7469058771,5139.22382851203,projected,-11.7241853047756,projected,14852.7537530069,,362.454620737589,102.146469388867,1463.98222106976
Connecticut,2020-09-19,529,53.3,17.2,191.3,23.7,7.6,84.9,22.5,7.2,80.7,7.8,2.5,28.3,3.8,1.2,13.6,0,0,0,0,0,0,3.78994951970845,1.2543339197053,13.6700449004286,4687.24278626635,4553.20591708742,5158.34186723068,3.78994951970845,1.2543339197053,13.6700449004286,4687.24278626635,4553.20591708742,5158.34186723068,projected,-11.6146087765468,projected,14928.5331088895,,362.537127495284,101.215680765582,1474.50705148587
Connecticut,2020-09-20,529,52.9,16.9,189.5,23.5,7.5,84.1,22.3,7.1,79.9,7.7,2.4,28.4,3.7,1.2,13.7,0,0,0,0,0,0,3.75815726265095,1.22629470597028,13.5275386113692,4691.00094352901,4554.64005900862,5177.67502771876,3.75815726265095,1.22629470597028,13.5275386113692,4691.00094352901,4554.64005900862,5177.67502771876,projected,-11.5052872283118,projected,15004.3124647722,,362.766893317007,100.347973384371,1485.40981564119
Connecticut,2020-09-21,529,52.5,16.7,188.7,23.3,7.4,84,22.2,7,80.1,7.7,2.4,28.6,3.7,1.1,13.7,0,0,0,0,0,0,3.72854307246038,1.20015630148782,13.3869933360127,4694.72948660147,4556.05493721968,5193.89862352741,3.72854307246038,1.20015630148782,13.3869933360127,4694.72948660147,4556.05493721968,5193.89862352741,projected,-11.3962273935164,projected,15080.0918206549,,363.154646657407,99.3274628356332,1496.75109345154
Connecticut,2020-09-22,529,52.2,16.5,189.4,23.2,7.3,84.2,22,6.9,80.4,7.7,2.3,28.9,3.7,1.1,13.9,0,0,0,0,0,0,3.70102430829771,1.17810995303423,13.2591023730065,4698.43051090976,4557.35273067863,5210.15655200063,3.70102430829771,1.17810995303423,13.2591023730065,4698.43051090976,4557.35273067863,5210.15655200063,projected,-11.2874359342125,projected,15155.8711765376,,363.705623242275,98.4965964856907,1508.57011471583
Connecticut,2020-09-23,529,51.9,16.3,190,23,7.2,84.5,21.9,6.8,80.6,7.6,2.3,28.7,3.7,1.1,13.8,0,0,0,0,0,0,3.67589100350781,1.16384581073605,13.2204311207177,4702.10640191327,4558.58979108624,5226.23596410435,3.67589100350781,1.16384581073605,13.2204311207177,4702.10640191327,4558.58979108624,5226.23596410435,projected,-11.1789194396287,projected,15231.6505324203,,364.142622910014,97.8658229197143,1519.61291173632
Connecticut,2020-09-24,529,51.6,16,191.2,22.9,7.1,85.2,21.8,6.7,81.4,7.6,2.3,28.8,3.7,1.1,13.9,0,0,0,0,0,0,3.65322466145464,1.15056028345184,13.2634985544891,4705.75962657473,4560.06103668173,5242.35507612252,3.65322466145464,1.15056028345184,13.2634985544891,4705.75962657473,4560.06103668173,5242.35507612252,projected,-11.0706844247839,projected,15307.429888303,,364.493466325034,97.291599001328,1530.00885366828
Connecticut,2020-09-25,529,51.4,15.6,193.1,22.8,6.9,86,21.7,6.5,82,7.6,2.2,28.9,3.6,1.1,13.9,0,0,0,0,0,0,3.63216453409669,1.13785383244092,13.3117802817708,4709.39179110882,4561.16797675592,5257.51574796811,3.63216453409669,1.13785383244092,13.3117802817708,4709.39179110882,4561.16797675592,5257.51574796811,projected,-10.9627373291416,projected,15383.2092441857,,365.33641899089,96.3654982130975,1542.43858759986
Connecticut,2020-09-26,529,51.1,15.3,192.5,22.7,6.8,85.5,21.6,6.4,81.5,7.5,2.2,29.1,3.6,1.1,14,0,0,0,0,0,0,3.6121306945561,1.11272289902349,13.4001851817507,4713.00392180338,4562.25984057046,5269.50674970241,3.6121306945561,1.11272289902349,13.4001851817507,4713.00392180338,4562.25984057046,5269.50674970241,projected,-10.8550845153099,projected,15458.9886000684,,366.633188475297,95.3720548315905,1556.75633761777
Connecticut,2020-09-27,529,50.9,15.2,192.9,22.6,6.7,85.8,21.5,6.4,81.9,7.5,2.2,29.2,3.6,1.1,14.1,0,0,0,0,0,0,3.59367397664081,1.08844931813578,13.5351041558638,4716.59759578002,4563.3502381716,5281.40560143733,3.59367397664081,1.08844931813578,13.5351041558638,4716.59759578002,4563.3502381716,5281.40560143733,projected,-10.7477322677822,projected,15534.767955951,,368.082571232789,94.4575315914117,1571.57798926775
Connecticut,2020-09-28,529,50.7,15,193.8,22.5,6.6,86.2,21.5,6.3,82.3,7.5,2.2,29.4,3.6,1.1,14.1,0,0,0,0,0,0,3.57712812647442,1.06957059453864,13.4772276334303,4720.17472390649,4564.50508561397,5293.21705726088,3.57712812647442,1.06957059453864,13.4772276334303,4720.17472390649,4564.50508561397,5293.21705726088,projected,-10.6406867917228,projected,15610.5473118337,,369.699029786292,93.6206544181332,1586.97843246235
Connecticut,2020-09-29,529,50.6,14.9,194.7,22.5,6.6,86.6,21.4,6.3,82.7,7.5,2.2,29.6,3.6,1,14.2,0,0,0,0,0,0,3.5624124738847,1.06095549825443,13.5195970383856,4723.73713638038,4565.64975456879,5304.93971539957,3.5624124738847,1.06095549825443,13.5195970383856,4723.73713638038,4565.64975456879,5304.93971539957,projected,-10.5339542117963,projected,15686.3266677164,,371.490809557177,92.8591961874627,1603.00784458839
Connecticut,2020-09-30,529,50.4,14.8,195.7,22.4,6.6,87.1,21.3,6.2,83.1,7.5,2.2,29.7,3.6,1,14.3,0,0,0,0,0,0,3.549965963609,1.04715242371913,13.5708408876145,4727.28710234399,4566.78561887438,5316.55654645853,3.549965963609,1.04715242371913,13.5708408876145,4727.28710234399,4566.78561887438,5316.55654645853,projected,-10.4275405710418,projected,15762.1060235991,,373.129982870411,92.3151055823895,1618.11661022407
Connecticut,2020-10-01,529,50.3,14.7,196.8,22.4,6.5,87.6,21.3,6.2,83.6,7.5,2.1,29.9,3.6,1,14.4,0,0,0,0,0,0,3.5399974064382,1.04091385127049,13.6350933654966,4730.82709975043,4567.91482276357,5328.00757858511,3.5399974064382,1.04091385127049,13.6350933654966,4730.82709975043,4567.91482276357,5328.00757858511,projected,-10.3214518297897,projected,15837.8853794818,,374.636852494556,92.1478738039266,1632.4020898794
Connecticut,2020-10-02,529,50.2,14.5,197.9,22.3,6.5,88.1,21.3,6.1,84.1,7.5,2.1,30.1,3.6,1,14.5,0,0,0,0,0,0,3.53149091838441,1.03512285331435,13.7104570222665,4734.35859066881,4569.04285637223,5339.39054518079,3.53149091838441,1.03512285331435,13.7104570222665,4734.35859066881,4569.04285637223,5339.39054518079,projected,-10.2156938646266,projected,15913.6647353645,,376.690105802504,92.1049559251522,1651.33466723355
Connecticut,2020-10-03,529,50.2,14.4,199,22.3,6.4,88.6,21.2,6.1,84.5,7.5,2.1,30.2,3.6,1,14.6,0,0,0,0,0,0,3.52369942777977,1.02420908687011,13.788453945563,4737.88229009659,4570.19898568221,5350.70961089302,3.52369942777977,1.02420908687011,13.788453945563,4737.88229009659,4570.19898568221,5350.70961089302,projected,-10.1102724674003,projected,15989.4440912471,,379.259509646401,92.1770364793134,1688.946749143
Connecticut,2020-10-04,529,50.1,14.3,200.1,22.3,6.3,89.1,21.2,6,85,7.5,2,30.5,3.6,1,14.7,0,0,0,0,0,0,3.51725273667447,1.01568643198079,13.8684686088554,4741.39954283326,4571.26649598141,5366.19204098243,3.51725273667447,1.01568643198079,13.8684686088554,4741.39954283326,4571.26649598141,5366.19204098243,projected,-10.0051933442753,projected,16065.2234471299,,381.998372704375,92.2865475940285,1727.88346523992
Connecticut,2020-10-05,529,50.1,14.1,201.4,22.3,6.2,89.6,21.2,5.9,85.6,7.5,2,30.7,3.6,1,14.8,0,0,0,0,0,0,3.51256107157379,1.00956349299031,13.9505644948491,4744.91210390484,4572.36196137923,5384.82594889846,3.51256107157379,1.00956349299031,13.9505644948491,4744.91210390484,4572.36196137923,5384.82594889846,projected,-9.90046211482725,projected,16141.0028030126,,384.925405172274,92.4358129250002,1768.28805756575
Connecticut,2020-10-06,529,50.1,13.9,202.7,22.3,6.2,90.2,21.2,5.8,86.1,7.5,2,30.9,3.6,1,14.9,0,0,0,0,0,0,3.50955238659501,0.998429258226247,14.0269447515121,4748.42165629143,4573.28476492527,5403.65274814191,3.50955238659501,0.998429258226247,14.0269447515121,4748.42165629143,4573.28476492527,5403.65274814191,projected,-9.79608431118744,projected,16216.7821588952,,388.052277579976,92.6257726729033,1804.69780577761
Connecticut,2020-10-07,529,50.2,13.7,204,22.3,6.1,90.8,21.3,5.8,86.7,7.5,2,31.2,3.6,1,15,0,0,0,0,0,0,3.50881105636909,0.983999131678138,14.0988772446744,4751.9304673478,4574.15024031966,5422.67896180316,3.50881105636909,0.983999131678138,14.0988772446744,4751.9304673478,4574.15024031966,5422.67896180316,projected,-9.69206537723,projected,16292.5615147779,,390.99349068662,92.7740066558821,1828.35932980076
Connecticut,2020-10-08,529,50.2,13.6,205.5,22.3,6,91.5,21.3,5.7,87.4,7.5,2,31.4,3.6,0.9,15.1,0,0,0,0,0,0,3.51066387478958,0.970513748149642,14.1868029496907,4755.44113122259,4575.00975580261,5436.45846950525,3.51066387478958,0.970513748149642,14.1868029496907,4755.44113122259,4575.00975580261,5436.45846950525,projected,-9.588410667804,projected,16368.3408706606,,393.76091338428,92.611922192073,1851.22933894026
Connecticut,2020-10-09,529,50.3,13.5,207,22.4,6,92.1,21.3,5.7,88,7.6,2,31.6,3.6,0.9,15.2,0,0,0,0,0,0,3.51394186783343,0.961259207284979,14.2891510448118,4758.95507309043,4575.86284436831,5448.23239580986,3.51394186783343,0.961259207284979,14.2891510448118,4758.95507309043,4575.86284436831,5448.23239580986,projected,-9.48512544801005,projected,16444.1202265433,,397.147844384712,92.5532388419961,1876.50349094829
Connecticut,2020-10-10,529,50.4,13.3,208.5,22.4,5.9,92.8,21.4,5.6,88.7,7.6,1.9,31.9,3.7,0.9,15.3,0,0,0,0,0,0,3.51773474663228,0.951324338652648,14.3949160859269,4762.47280783706,4576.87851715238,5455.83245023362,3.51773474663228,0.951324338652648,14.3949160859269,4762.47280783706,4576.87851715238,5455.83245023362,projected,-9.38221489252489,projected,16519.899582426,,401.132946465066,92.6173229111824,1904.60487857672
Connecticut,2020-10-11,529,50.5,13.2,210.1,22.5,5.9,93.6,21.4,5.6,89.4,7.6,1.9,32.2,3.7,0.9,15.5,0,0,0,0,0,0,3.5227497174418,0.940925673440302,14.5046855708514,4765.9955575545,4577.94088103736,5462.45215017307,3.5227497174418,0.940925673440302,14.5046855708514,4765.9955575545,4577.94088103736,5462.45215017307,projected,-9.27968408496534,projected,16595.6789383087,,405.317225593172,92.7165388056775,1933.83260014562
Connecticut,2020-10-12,529,50.7,13.1,211.8,22.6,5.8,94.3,21.5,5.5,90.1,7.7,1.9,32.5,3.7,0.9,15.6,0,0,0,0,0,0,3.52947301627689,0.930778465293202,14.6194005587415,4769.52503057078,4579.05563470496,5468.96007738748,3.52947301627689,0.930778465293202,14.6194005587415,4769.52503057078,4579.05563470496,5468.96007738748,projected,-9.17753801730122,projected,16671.4582941914,,409.724449412734,92.8526032109745,1964.33931650214
Connecticut,2020-10-13,529,50.9,13,213.6,22.6,5.8,95.1,21.6,5.5,90.9,7.7,1.9,32.8,3.7,0.9,15.8,0,0,0,0,0,0,3.53784372597866,0.922133213102256,14.7271648478662,4773.06287429676,4580.23175198349,5478.19779763185,3.53784372597866,0.922133213102256,14.7271648478662,4773.06287429676,4580.23175198349,5478.19779763185,projected,-9.07578158930957,projected,16747.2376500741,,414.370386350154,93.0264863954159,1996.221836018
Connecticut,2020-10-14,529,51.1,12.9,215.5,22.7,5.7,96,21.7,5.4,91.7,7.7,1.9,33.1,3.7,0.9,15.9,0,0,0,0,0,0,3.54859608304643,0.914865115171483,14.8289268522594,4776.6114703798,4581.40907357245,5499.15365262749,3.54859608304643,0.914865115171483,14.8289268522594,4776.6114703798,4581.40907357245,5499.15365262749,projected,-8.97441960807509,projected,16823.0170059567,,418.801989982026,93.1475557506317,2027.41290274725
Connecticut,2020-10-15,529,51.3,12.8,217.5,22.8,5.7,96.8,21.8,5.4,92.5,7.8,1.9,33.4,3.7,0.9,16.1,0,0,0,0,0,0,3.56217380577734,0.908258467008591,14.9501009159551,4780.17364418558,4582.36276985325,5518.77811818448,3.56217380577734,0.908258467008591,14.9501009159551,4780.17364418558,4582.36276985325,5518.77811818448,projected,-8.873456787533,projected,16898.7963618394,,423.02104294131,93.1022750317818,2057.85625720356
Connecticut,2020-10-16,529,51.6,12.8,219.5,22.9,5.7,97.8,21.9,5.4,93.4,7.8,1.9,34.1,3.8,0.9,16.4,0,0,0,0,0,0,3.57724496056276,0.902280086426777,15.0893118131476,4783.75088914614,4583.29737778329,5530.77082089934,3.57724496056276,0.902280086426777,15.0893118131476,4783.75088914614,4583.29737778329,5530.77082089934,projected,-8.77289774805397,projected,16974.5757177221,,427.95569854926,93.0164541263948,2089.01740681373
Connecticut,2020-10-17,529,51.8,12.8,221.6,23.1,5.7,98.7,22,5.4,94.3,7.9,1.9,34.9,3.8,0.9,16.8,0,0,0,0,0,0,3.59272730261092,0.896976858337348,15.2331035847115,4787.34361644875,4584.55444073456,5542.48851639335,3.59272730261092,0.896976858337348,15.2331035847115,4787.34361644875,4584.55444073456,5542.48851639335,projected,-8.67274701607581,projected,17050.3550736048,,433.595151886054,93.3548700991552,2121.24662826203
Connecticut,2020-10-18,529,52.1,12.8,223.9,23.2,5.7,99.9,22.1,5.4,95.8,7.9,1.9,35.7,3.8,0.9,17.2,0,0,0,0,0,0,3.60941002570023,0.894017121353136,15.3821884769865,4790.95302647445,4585.87829760201,5554.16537333166,3.60941002570023,0.894017121353136,15.3821884769865,4790.95302647445,4585.87829760201,5554.16537333166,projected,-8.57300902377381,projected,17126.1344294875,,439.47871745988,93.8282306081033,2154.76832602231
Connecticut,2020-10-19,529,52.4,12.8,228.9,23.3,5.7,102.1,22.3,5.4,97.9,8,1.9,36.5,3.8,0.9,17.6,0,0,0,0,0,2.12743442543908,3.62786132925767,0.892358293084408,15.5377358041338,4794.58088780371,4586.71860521287,5565.98396158367,3.62786132925767,0.892358293084408,15.5377358041338,4794.58088780371,4586.71860521287,5565.98396158367,projected,-8.47368810877666,projected,17201.9137853702,,445.636357642829,94.3517012252356,2189.74956800393
Connecticut,2020-10-20,529,52.8,12.8,234,23.5,5.7,104.4,22.4,5.4,100.1,8.1,1.9,37.4,3.9,0.9,18,0,0,0,0,0,4.41993153444899,3.64803474723724,0.891982461783732,15.6850579533451,4798.22892255095,4587.48810800364,5582.14249929546,3.64803474723724,0.891982461783732,15.6850579533451,4798.22892255095,4587.48810800364,5582.14249929546,projected,-8.37478851392018,projected,17277.6931412529,,452.088899403942,94.9149163904833,2226.31155135855
Connecticut,2020-10-21,529,53.2,12.8,239.3,23.7,5.7,106.8,22.6,5.4,102.4,8.1,1.9,38.3,3.9,0.9,18.4,0,0,0,0,0,6.80820937464273,3.6708279821593,0.892701846885848,16.0035995044517,4801.89975053311,4588.34439900771,5591.83785252012,3.6708279821593,0.892701846885848,16.0035995044517,4801.89975053311,4588.34439900771,5591.83785252012,projected,-8.27631438704812,projected,17353.4724971355,,458.302407543571,95.2459416171303,2261.73049656553
Connecticut,2020-10-22,529,53.6,12.8,244.8,23.9,5.7,109.3,22.8,5.4,104.8,8.2,1.9,39,3.9,0.9,18.8,0,0,0,0,0,9.26672095599814,3.69680865398671,0.893784207978956,16.3683234511156,4805.59655918709,4589.37108661693,5607.75645781955,3.69680865398671,0.893784207978956,16.3683234511156,4805.59655918709,4589.37108661693,5607.75645781955,projected,-8.17826978084825,projected,17429.2518530182,,464.265980086166,95.6287386452546,2295.94565656835
Connecticut,2020-10-23,529,54,12.8,250.5,24,5.7,111.8,23,5.4,107.2,8.3,1.9,39.4,4,0.9,19,0,0,0,0,0,11.7998518750451,3.724462196387,0.895232084185886,16.745923703425,4809.32102138348,4590.39901346451,5627.5560800868,3.724462196387,0.895232084185886,16.745923703425,4809.32102138348,4590.39901346451,5627.5560800868,projected,-8.0806586527324,projected,17505.0312089009,,471.069291860165,96.087949119031,2334.54867701442
Connecticut,2020-10-24,529,54.5,12.8,256.3,24.3,5.7,114.4,23.2,5.4,109.8,8.4,1.9,39.9,4,0.9,19.2,0,0,0,0,0,14.4260699737018,3.75251453979376,0.897055297313614,17.1373477099933,4813.07353592327,4591.43636775438,5646.35148552691,3.75251453979376,0.897055297313614,17.1373477099933,4813.07353592327,4591.43636775438,5646.35148552691,projected,-7.98348486475447,projected,17580.8105647836,,478.714675187874,96.6696069877245,2377.56886584748
Connecticut,2020-10-25,529,55,12.8,261.4,24.5,5.7,116.4,23.4,5.4,111.3,8.5,1.9,40.4,4.1,0.9,19.4,0,0,0,0,0,16.4460392798159,3.78184645248073,0.898514341380405,17.5435978751255,4816.85538237576,4592.47853895125,5655.23502018594,3.78184645248073,0.898514341380405,17.5435978751255,4816.85538237576,4592.47853895125,5655.23502018594,projected,-7.88675218356942,projected,17656.5899206663,,486.667642586321,97.2843423053739,2422.27394461778
Connecticut,2020-10-26,529,55.5,12.8,264.4,24.7,5.7,117.8,23.6,5.4,112.6,8.5,1.9,41,4.1,0.9,19.7,0,0,0,0,0,17.7819949811618,3.81312006349111,0.897005091652477,17.948382429149,4820.66850243925,4593.52252569788,5664.12926663974,3.81312006349111,0.897005091652477,17.948382429149,4820.66850243925,4593.52252569788,5664.12926663974,projected,-7.79046428042936,projected,17732.369276549,,494.965843846543,97.9351824569981,2468.87238224356
Connecticut,2020-10-27,529,56,12.8,267.6,25,5.7,119.2,23.8,5.4,114,8.6,1.9,41.5,4.2,0.9,20,0,0,0,0,0,19.1953448207347,3.84630797382921,0.896474916279612,18.2895297924392,4824.51481041308,4594.5679019611,5673.02954130189,3.84630797382921,0.896474916279612,18.2895297924392,4824.51481041308,4594.5679019611,5673.02954130189,projected,-7.69462473121972,projected,17808.1486324317,,503.636438821053,98.6251973370439,2517.51974239717
Connecticut,2020-10-28,529,56.6,12.8,270.9,25.2,5.7,120.7,24.1,5.4,115.4,8.7,1.9,42.1,4.2,0.9,20.2,0,0,0,0,0,20.6916823407145,3.88249412033279,0.897113971145654,18.493607135994,4828.39730453341,4595.71651569025,5681.79270537954,3.88249412033279,0.897113971145654,18.493607135994,4828.39730453341,4595.71651569025,5681.79270537954,projected,-7.59923701653103,projected,17883.9279883143,,512.047559156968,99.2487619623193,2564.95068209449
Connecticut,2020-10-29,529,57.2,12.9,274.3,25.5,5.7,122.2,24.4,5.5,116.9,8.8,1.9,42.6,4.3,0.9,20.5,0,0,0,0,0,22.2327140161196,3.92238470599659,0.89809417831525,18.7239638421418,4832.31968923941,4597.0901143856,5697.22732623825,3.92238470599659,0.89809417831525,18.7239638421418,4832.31968923941,4597.0901143856,5697.22732623825,projected,-7.5043045217687,projected,17959.707344197,,520.171760683193,99.7987709136563,2611.01642823374
Connecticut,2020-10-30,529,57.8,12.9,277.9,25.8,5.7,123.8,24.6,5.5,118.4,8.9,1.9,43.2,4.3,0.9,20.8,0,0,0,0,0,23.8253826233998,3.96425366160065,0.89940986492104,18.9640172249898,4836.28394290101,4598.2257476106,5716.38210143513,3.96425366160065,0.89940986492104,18.9640172249898,4836.28394290101,4598.2257476106,5716.38210143513,projected,-7.40983053729912,projected,18035.4867000797,,529.293755365086,100.499410879705,2662.3888887461
Connecticut,2020-10-31,529,58.5,12.9,281.6,26.1,5.7,125.5,24.9,5.5,120,9.1,1.9,43.8,4.4,0.9,21.1,0,0,0,0,0,25.4944851563322,4.00660423965859,0.901070517949256,19.2145292803455,4840.29054714066,4599.28573098003,5735.83491998787,4.00660423965859,0.901070517949256,19.2145292803455,4840.29054714066,4599.28573098003,5735.83491998787,projected,-7.31581825863172,projected,18111.2660559624,,539.432804315173,101.348530961759,2719.18457916147
Connecticut,2020-11-01,529,59.2,12.9,285.5,26.4,5.8,127.2,25.2,5.5,121.7,9.2,2,44.5,4.4,0.9,21.4,0,0,0,0,0,27.2412681982956,4.05042270799468,0.90226350996918,19.4763730688575,4844.34096984866,4600.51632588648,5755.57860836437,4.05042270799468,0.90226350996918,19.4763730688575,4844.34096984866,4600.51632588648,5755.57860836437,projected,-7.22227078663428,projected,18187.0454118451,,549.965614110388,102.233258741116,2778.17387181292
