8/8/20,8/9/20,8/10/20,8/11/20,8/12/20,8/13/20,8/14/20,8/15/20,8/16/20,8/17/20,8/18/20,8/19/20,8/20/20,8/21/20,8/22/20,8/23/20,8/24/20,8/25/20,8/26/20,8/27/20,8/28/20,8/29/20,8/30/20,8/31/20,9/1/20,9/2/20,9/3/20,9/4/20,date,Rt
0.625508380757569,0.627510759888222,0.629342755703143,0.631016019458901,0.632503392499333,0.633841885142045,0.635032547812708,0.636097737746124,0.637037378430483,0.637861605581979,0.638578645047539,0.639212389493786,0.639764488202277,0.640250101597335,0.640673549171999,0.64103463937877,0.641358084422761,0.641666130894217,0.641936379399302,0.642189914860545,0.642403304054881,0.642587273156204,0.642780995157524,0.642955202348279,0.643114672033372,0.643255596703466,0.643389687490469,0.643514795481264,2020-03-24,3.17996472852704
0.625508380757569,0.627510759888222,0.629342755703143,0.631016019458901,0.632503392499333,0.633841885142045,0.635032547812708,0.636097737746124,0.637037378430483,0.637861605581979,0.638578645047539,0.639212389493786,0.639764488202277,0.640250101597335,0.640673549171999,0.64103463937877,0.641358084422761,0.641666130894217,0.641936379399302,0.642189914860545,0.642403304054881,0.642587273156204,0.642780995157524,0.642955202348279,0.643114672033372,0.643255596703466,0.643389687490469,0.643514795481264,2020-03-25,3.11431753507531
0.625508380757569,0.627510759888222,0.629342755703143,0.631016019458901,0.632503392499333,0.633841885142045,0.635032547812708,0.636097737746124,0.637037378430483,0.637861605581979,0.638578645047539,0.639212389493786,0.639764488202277,0.640250101597335,0.640673549171999,0.64103463937877,0.641358084422761,0.641666130894217,0.641936379399302,0.642189914860545,0.642403304054881,0.642587273156204,0.642780995157524,0.642955202348279,0.643114672033372,0.643255596703466,0.643389687490469,0.643514795481264,2020-03-26,3.04649319506397
0.625508380757569,0.627510759888222,0.629342755703143,0.631016019458901,0.632503392499333,0.633841885142045,0.635032547812708,0.636097737746124,0.637037378430483,0.637861605581979,0.638578645047539,0.639212389493786,0.639764488202277,0.640250101597335,0.640673549171999,0.64103463937877,0.641358084422761,0.641666130894217,0.641936379399302,0.642189914860545,0.642403304054881,0.642587273156204,0.642780995157524,0.642955202348279,0.643114672033372,0.643255596703466,0.643389687490469,0.643514795481264,2020-03-27,2.9764787700005
0.625508380757569,0.627510759888222,0.629342755703143,0.631016019458901,0.632503392499333,0.633841885142045,0.635032547812708,0.636097737746124,0.637037378430483,0.637861605581979,0.638578645047539,0.639212389493786,0.639764488202277,0.640250101597335,0.640673549171999,0.64103463937877,0.641358084422761,0.641666130894217,0.641936379399302,0.642189914860545,0.642403304054881,0.642587273156204,0.642780995157524,0.642955202348279,0.643114672033372,0.643255596703466,0.643389687490469,0.643514795481264,2020-03-28,2.90425585286526
0.625508380757569,0.627510759888222,0.629342755703143,0.631016019458901,0.632503392499333,0.633841885142045,0.635032547812708,0.636097737746124,0.637037378430483,0.637861605581979,0.638578645047539,0.639212389493786,0.639764488202277,0.640250101597335,0.640673549171999,0.64103463937877,0.641358084422761,0.641666130894217,0.641936379399302,0.642189914860545,0.642403304054881,0.642587273156204,0.642780995157524,0.642955202348279,0.643114672033372,0.643255596703466,0.643389687490469,0.643514795481264,2020-03-29,2.82983045325223
0.625508380757569,0.627510759888222,0.629342755703143,0.631016019458901,0.632503392499333,0.633841885142045,0.635032547812708,0.636097737746124,0.637037378430483,0.637861605581979,0.638578645047539,0.639212389493786,0.639764488202277,0.640250101597335,0.640673549171999,0.64103463937877,0.641358084422761,0.641666130894217,0.641936379399302,0.642189914860545,0.642403304054881,0.642587273156204,0.642780995157524,0.642955202348279,0.643114672033372,0.643255596703466,0.643389687490469,0.643514795481264,2020-03-30,2.75327138065714
0.625508380757569,0.627510759888222,0.629342755703143,0.631016019458901,0.632503392499333,0.633841885142045,0.635032547812708,0.636097737746124,0.637037378430483,0.637861605581979,0.638578645047539,0.639212389493786,0.639764488202277,0.640250101597335,0.640673549171999,0.64103463937877,0.641358084422761,0.641666130894217,0.641936379399302,0.642189914860545,0.642403304054881,0.642587273156204,0.642780995157524,0.642955202348279,0.643114672033372,0.643255596703466,0.643389687490469,0.643514795481264,2020-03-31,2.67471452529382
0.625508380757569,0.627510759888222,0.629342755703143,0.631016019458901,0.632503392499333,0.633841885142045,0.635032547812708,0.636097737746124,0.637037378430483,0.637861605581979,0.638578645047539,0.639212389493786,0.639764488202277,0.640250101597335,0.640673549171999,0.64103463937877,0.641358084422761,0.641666130894217,0.641936379399302,0.642189914860545,0.642403304054881,0.642587273156204,0.642780995157524,0.642955202348279,0.643114672033372,0.643255596703466,0.643389687490469,0.643514795481264,2020-04-01,2.59431075370848
0.625508380757569,0.627510759888222,0.629342755703143,0.631016019458901,0.632503392499333,0.633841885142045,0.635032547812708,0.636097737746124,0.637037378430483,0.637861605581979,0.638578645047539,0.639212389493786,0.639764488202277,0.640250101597335,0.640673549171999,0.64103463937877,0.641358084422761,0.641666130894217,0.641936379399302,0.642189914860545,0.642403304054881,0.642587273156204,0.642780995157524,0.642955202348279,0.643114672033372,0.643255596703466,0.643389687490469,0.643514795481264,2020-04-02,2.51224449440544
0.625508380757569,0.627510759888222,0.629342755703143,0.631016019458901,0.632503392499333,0.633841885142045,0.635032547812708,0.636097737746124,0.637037378430483,0.637861605581979,0.638578645047539,0.639212389493786,0.639764488202277,0.640250101597335,0.640673549171999,0.64103463937877,0.641358084422761,0.641666130894217,0.641936379399302,0.642189914860545,0.642403304054881,0.642587273156204,0.642780995157524,0.642955202348279,0.643114672033372,0.643255596703466,0.643389687490469,0.643514795481264,2020-04-03,2.42875345796662
0.625508380757569,0.627510759888222,0.629342755703143,0.631016019458901,0.632503392499333,0.633841885142045,0.635032547812708,0.636097737746124,0.637037378430483,0.637861605581979,0.638578645047539,0.639212389493786,0.639764488202277,0.640250101597335,0.640673549171999,0.64103463937877,0.641358084422761,0.641666130894217,0.641936379399302,0.642189914860545,0.642403304054881,0.642587273156204,0.642780995157524,0.642955202348279,0.643114672033372,0.643255596703466,0.643389687490469,0.643514795481264,2020-04-04,2.34412568910469
0.625508380757569,0.627510759888222,0.629342755703143,0.631016019458901,0.632503392499333,0.633841885142045,0.635032547812708,0.636097737746124,0.637037378430483,0.637861605581979,0.638578645047539,0.639212389493786,0.639764488202277,0.640250101597335,0.640673549171999,0.64103463937877,0.641358084422761,0.641666130894217,0.641936379399302,0.642189914860545,0.642403304054881,0.642587273156204,0.642780995157524,0.642955202348279,0.643114672033372,0.643255596703466,0.643389687490469,0.643514795481264,2020-04-05,2.25865441479201
0.625508380757569,0.627510759888222,0.629342755703143,0.631016019458901,0.632503392499333,0.633841885142045,0.635032547812708,0.636097737746124,0.637037378430483,0.637861605581979,0.638578645047539,0.639212389493786,0.639764488202277,0.640250101597335,0.640673549171999,0.64103463937877,0.641358084422761,0.641666130894217,0.641936379399302,0.642189914860545,0.642403304054881,0.642587273156204,0.642780995157524,0.642955202348279,0.643114672033372,0.643255596703466,0.643389687490469,0.643514795481264,2020-04-06,2.17267860937128
0.625508380757569,0.627510759888222,0.629342755703143,0.631016019458901,0.632503392499333,0.633841885142045,0.635032547812708,0.636097737746124,0.637037378430483,0.637861605581979,0.638578645047539,0.639212389493786,0.639764488202277,0.640250101597335,0.640673549171999,0.64103463937877,0.641358084422761,0.641666130894217,0.641936379399302,0.642189914860545,0.642403304054881,0.642587273156204,0.642780995157524,0.642955202348279,0.643114672033372,0.643255596703466,0.643389687490469,0.643514795481264,2020-04-07,2.08655629752884
0.625508380757569,0.627510759888222,0.629342755703143,0.631016019458901,0.632503392499333,0.633841885142045,0.635032547812708,0.636097737746124,0.637037378430483,0.637861605581979,0.638578645047539,0.639212389493786,0.639764488202277,0.640250101597335,0.640673549171999,0.64103463937877,0.641358084422761,0.641666130894217,0.641936379399302,0.642189914860545,0.642403304054881,0.642587273156204,0.642780995157524,0.642955202348279,0.643114672033372,0.643255596703466,0.643389687490469,0.643514795481264,2020-04-08,2.00067005069283
0.625508380757569,0.627510759888222,0.629342755703143,0.631016019458901,0.632503392499333,0.633841885142045,0.635032547812708,0.636097737746124,0.637037378430483,0.637861605581979,0.638578645047539,0.639212389493786,0.639764488202277,0.640250101597335,0.640673549171999,0.64103463937877,0.641358084422761,0.641666130894217,0.641936379399302,0.642189914860545,0.642403304054881,0.642587273156204,0.642780995157524,0.642955202348279,0.643114672033372,0.643255596703466,0.643389687490469,0.643514795481264,2020-04-09,1.91539370281009
0.625508380757569,0.627510759888222,0.629342755703143,0.631016019458901,0.632503392499333,0.633841885142045,0.635032547812708,0.636097737746124,0.637037378430483,0.637861605581979,0.638578645047539,0.639212389493786,0.639764488202277,0.640250101597335,0.640673549171999,0.64103463937877,0.641358084422761,0.641666130894217,0.641936379399302,0.642189914860545,0.642403304054881,0.642587273156204,0.642780995157524,0.642955202348279,0.643114672033372,0.643255596703466,0.643389687490469,0.643514795481264,2020-04-10,1.83112481674219
0.625508380757569,0.627510759888222,0.629342755703143,0.631016019458901,0.632503392499333,0.633841885142045,0.635032547812708,0.636097737746124,0.637037378430483,0.637861605581979,0.638578645047539,0.639212389493786,0.639764488202277,0.640250101597335,0.640673549171999,0.64103463937877,0.641358084422761,0.641666130894217,0.641936379399302,0.642189914860545,0.642403304054881,0.642587273156204,0.642780995157524,0.642955202348279,0.643114672033372,0.643255596703466,0.643389687490469,0.643514795481264,2020-04-11,1.7482686172109
0.625508380757569,0.627510759888222,0.629342755703143,0.631016019458901,0.632503392499333,0.633841885142045,0.635032547812708,0.636097737746124,0.637037378430483,0.637861605581979,0.638578645047539,0.639212389493786,0.639764488202277,0.640250101597335,0.640673549171999,0.64103463937877,0.641358084422761,0.641666130894217,0.641936379399302,0.642189914860545,0.642403304054881,0.642587273156204,0.642780995157524,0.642955202348279,0.643114672033372,0.643255596703466,0.643389687490469,0.643514795481264,2020-04-12,1.66720330392439
0.625508380757569,0.627510759888222,0.629342755703143,0.631016019458901,0.632503392499333,0.633841885142045,0.635032547812708,0.636097737746124,0.637037378430483,0.637861605581979,0.638578645047539,0.639212389493786,0.639764488202277,0.640250101597335,0.640673549171999,0.64103463937877,0.641358084422761,0.641666130894217,0.641936379399302,0.642189914860545,0.642403304054881,0.642587273156204,0.642780995157524,0.642955202348279,0.643114672033372,0.643255596703466,0.643389687490469,0.643514795481264,2020-04-13,1.5882684532391
0.625508380757569,0.627510759888222,0.629342755703143,0.631016019458901,0.632503392499333,0.633841885142045,0.635032547812708,0.636097737746124,0.637037378430483,0.637861605581979,0.638578645047539,0.639212389493786,0.639764488202277,0.640250101597335,0.640673549171999,0.64103463937877,0.641358084422761,0.641666130894217,0.641936379399302,0.642189914860545,0.642403304054881,0.642587273156204,0.642780995157524,0.642955202348279,0.643114672033372,0.643255596703466,0.643389687490469,0.643514795481264,2020-04-14,1.51177021729989
0.625508380757569,0.627510759888222,0.629342755703143,0.631016019458901,0.632503392499333,0.633841885142045,0.635032547812708,0.636097737746124,0.637037378430483,0.637861605581979,0.638578645047539,0.639212389493786,0.639764488202277,0.640250101597335,0.640673549171999,0.64103463937877,0.641358084422761,0.641666130894217,0.641936379399302,0.642189914860545,0.642403304054881,0.642587273156204,0.642780995157524,0.642955202348279,0.643114672033372,0.643255596703466,0.643389687490469,0.643514795481264,2020-04-15,1.43800730986689
0.625508380757569,0.627510759888222,0.629342755703143,0.631016019458901,0.632503392499333,0.633841885142045,0.635032547812708,0.636097737746124,0.637037378430483,0.637861605581979,0.638578645047539,0.639212389493786,0.639764488202277,0.640250101597335,0.640673549171999,0.64103463937877,0.641358084422761,0.641666130894217,0.641936379399302,0.642189914860545,0.642403304054881,0.642587273156204,0.642780995157524,0.642955202348279,0.643114672033372,0.643255596703466,0.643389687490469,0.643514795481264,2020-04-16,1.36721583162222
0.625508380757569,0.627510759888222,0.629342755703143,0.631016019458901,0.632503392499333,0.633841885142045,0.635032547812708,0.636097737746124,0.637037378430483,0.637861605581979,0.638578645047539,0.639212389493786,0.639764488202277,0.640250101597335,0.640673549171999,0.64103463937877,0.641358084422761,0.641666130894217,0.641936379399302,0.642189914860545,0.642403304054881,0.642587273156204,0.642780995157524,0.642955202348279,0.643114672033372,0.643255596703466,0.643389687490469,0.643514795481264,2020-04-17,1.29959341039816
0.625508380757569,0.627510759888222,0.629342755703143,0.631016019458901,0.632503392499333,0.633841885142045,0.635032547812708,0.636097737746124,0.637037378430483,0.637861605581979,0.638578645047539,0.639212389493786,0.639764488202277,0.640250101597335,0.640673549171999,0.64103463937877,0.641358084422761,0.641666130894217,0.641936379399302,0.642189914860545,0.642403304054881,0.642587273156204,0.642780995157524,0.642955202348279,0.643114672033372,0.643255596703466,0.643389687490469,0.643514795481264,2020-04-18,1.23528580792741
0.625508380757569,0.627510759888222,0.629342755703143,0.631016019458901,0.632503392499333,0.633841885142045,0.635032547812708,0.636097737746124,0.637037378430483,0.637861605581979,0.638578645047539,0.639212389493786,0.639764488202277,0.640250101597335,0.640673549171999,0.64103463937877,0.641358084422761,0.641666130894217,0.641936379399302,0.642189914860545,0.642403304054881,0.642587273156204,0.642780995157524,0.642955202348279,0.643114672033372,0.643255596703466,0.643389687490469,0.643514795481264,2020-04-19,1.16868432493807
0.625508380757569,0.627510759888222,0.629342755703143,0.631016019458901,0.632503392499333,0.633841885142045,0.635032547812708,0.636097737746124,0.637037378430483,0.637861605581979,0.638578645047539,0.639212389493786,0.639764488202277,0.640250101597335,0.640673549171999,0.64103463937877,0.641358084422761,0.641666130894217,0.641936379399302,0.642189914860545,0.642403304054881,0.642587273156204,0.642780995157524,0.642955202348279,0.643114672033372,0.643255596703466,0.643389687490469,0.643514795481264,2020-04-20,1.1072006343775
0.625508380757569,0.627510759888222,0.629342755703143,0.631016019458901,0.632503392499333,0.633841885142045,0.635032547812708,0.636097737746124,0.637037378430483,0.637861605581979,0.638578645047539,0.639212389493786,0.639764488202277,0.640250101597335,0.640673549171999,0.64103463937877,0.641358084422761,0.641666130894217,0.641936379399302,0.642189914860545,0.642403304054881,0.642587273156204,0.642780995157524,0.642955202348279,0.643114672033372,0.643255596703466,0.643389687490469,0.643514795481264,2020-04-21,1.05051252237122
0.625508380757569,0.627510759888222,0.629342755703143,0.631016019458901,0.632503392499333,0.633841885142045,0.635032547812708,0.636097737746124,0.637037378430483,0.637861605581979,0.638578645047539,0.639212389493786,0.639764488202277,0.640250101597335,0.640673549171999,0.64103463937877,0.641358084422761,0.641666130894217,0.641936379399302,0.642189914860545,0.642403304054881,0.642587273156204,0.642780995157524,0.642955202348279,0.643114672033372,0.643255596703466,0.643389687490469,0.643514795481264,2020-04-22,0.998306668001177
0.625508380757569,0.627510759888222,0.629342755703143,0.631016019458901,0.632503392499333,0.633841885142045,0.635032547812708,0.636097737746124,0.637037378430483,0.637861605581979,0.638578645047539,0.639212389493786,0.639764488202277,0.640250101597335,0.640673549171999,0.64103463937877,0.641358084422761,0.641666130894217,0.641936379399302,0.642189914860545,0.642403304054881,0.642587273156204,0.642780995157524,0.642955202348279,0.643114672033372,0.643255596703466,0.643389687490469,0.643514795481264,2020-04-23,0.950305734219775
0.625508380757569,0.627510759888222,0.629342755703143,0.631016019458901,0.632503392499333,0.633841885142045,0.635032547812708,0.636097737746124,0.637037378430483,0.637861605581979,0.638578645047539,0.639212389493786,0.639764488202277,0.640250101597335,0.640673549171999,0.64103463937877,0.641358084422761,0.641666130894217,0.641936379399302,0.642189914860545,0.642403304054881,0.642587273156204,0.642780995157524,0.642955202348279,0.643114672033372,0.643255596703466,0.643389687490469,0.643514795481264,2020-04-24,0.906208038961639
0.625508380757569,0.627510759888222,0.629342755703143,0.631016019458901,0.632503392499333,0.633841885142045,0.635032547812708,0.636097737746124,0.637037378430483,0.637861605581979,0.638578645047539,0.639212389493786,0.639764488202277,0.640250101597335,0.640673549171999,0.64103463937877,0.641358084422761,0.641666130894217,0.641936379399302,0.642189914860545,0.642403304054881,0.642587273156204,0.642780995157524,0.642955202348279,0.643114672033372,0.643255596703466,0.643389687490469,0.643514795481264,2020-04-25,0.865707031960254
0.625508380757569,0.627510759888222,0.629342755703143,0.631016019458901,0.632503392499333,0.633841885142045,0.635032547812708,0.636097737746124,0.637037378430483,0.637861605581979,0.638578645047539,0.639212389493786,0.639764488202277,0.640250101597335,0.640673549171999,0.64103463937877,0.641358084422761,0.641666130894217,0.641936379399302,0.642189914860545,0.642403304054881,0.642587273156204,0.642780995157524,0.642955202348279,0.643114672033372,0.643255596703466,0.643389687490469,0.643514795481264,2020-04-26,0.828546034466211
0.625508380757569,0.627510759888222,0.629342755703143,0.631016019458901,0.632503392499333,0.633841885142045,0.635032547812708,0.636097737746124,0.637037378430483,0.637861605581979,0.638578645047539,0.639212389493786,0.639764488202277,0.640250101597335,0.640673549171999,0.64103463937877,0.641358084422761,0.641666130894217,0.641936379399302,0.642189914860545,0.642403304054881,0.642587273156204,0.642780995157524,0.642955202348279,0.643114672033372,0.643255596703466,0.643389687490469,0.643514795481264,2020-04-27,0.794512833253363
0.625508380757569,0.627510759888222,0.629342755703143,0.631016019458901,0.632503392499333,0.633841885142045,0.635032547812708,0.636097737746124,0.637037378430483,0.637861605581979,0.638578645047539,0.639212389493786,0.639764488202277,0.640250101597335,0.640673549171999,0.64103463937877,0.641358084422761,0.641666130894217,0.641936379399302,0.642189914860545,0.642403304054881,0.642587273156204,0.642780995157524,0.642955202348279,0.643114672033372,0.643255596703466,0.643389687490469,0.643514795481264,2020-04-28,0.763397768455201
0.625508380757569,0.627510759888222,0.629342755703143,0.631016019458901,0.632503392499333,0.633841885142045,0.635032547812708,0.636097737746124,0.637037378430483,0.637861605581979,0.638578645047539,0.639212389493786,0.639764488202277,0.640250101597335,0.640673549171999,0.64103463937877,0.641358084422761,0.641666130894217,0.641936379399302,0.642189914860545,0.642403304054881,0.642587273156204,0.642780995157524,0.642955202348279,0.643114672033372,0.643255596703466,0.643389687490469,0.643514795481264,2020-04-29,0.734915899424628
0.625508380757569,0.627510759888222,0.629342755703143,0.631016019458901,0.632503392499333,0.633841885142045,0.635032547812708,0.636097737746124,0.637037378430483,0.637861605581979,0.638578645047539,0.639212389493786,0.639764488202277,0.640250101597335,0.640673549171999,0.64103463937877,0.641358084422761,0.641666130894217,0.641936379399302,0.642189914860545,0.642403304054881,0.642587273156204,0.642780995157524,0.642955202348279,0.643114672033372,0.643255596703466,0.643389687490469,0.643514795481264,2020-04-30,0.70889851049918
0.625508380757569,0.627510759888222,0.629342755703143,0.631016019458901,0.632503392499333,0.633841885142045,0.635032547812708,0.636097737746124,0.637037378430483,0.637861605581979,0.638578645047539,0.639212389493786,0.639764488202277,0.640250101597335,0.640673549171999,0.64103463937877,0.641358084422761,0.641666130894217,0.641936379399302,0.642189914860545,0.642403304054881,0.642587273156204,0.642780995157524,0.642955202348279,0.643114672033372,0.643255596703466,0.643389687490469,0.643514795481264,2020-05-01,0.685101056449638
0.625508380757569,0.627510759888222,0.629342755703143,0.631016019458901,0.632503392499333,0.633841885142045,0.635032547812708,0.636097737746124,0.637037378430483,0.637861605581979,0.638578645047539,0.639212389493786,0.639764488202277,0.640250101597335,0.640673549171999,0.64103463937877,0.641358084422761,0.641666130894217,0.641936379399302,0.642189914860545,0.642403304054881,0.642587273156204,0.642780995157524,0.642955202348279,0.643114672033372,0.643255596703466,0.643389687490469,0.643514795481264,2020-05-02,0.663313103162615
0.625508380757569,0.627510759888222,0.629342755703143,0.631016019458901,0.632503392499333,0.633841885142045,0.635032547812708,0.636097737746124,0.637037378430483,0.637861605581979,0.638578645047539,0.639212389493786,0.639764488202277,0.640250101597335,0.640673549171999,0.64103463937877,0.641358084422761,0.641666130894217,0.641936379399302,0.642189914860545,0.642403304054881,0.642587273156204,0.642780995157524,0.642955202348279,0.643114672033372,0.643255596703466,0.643389687490469,0.643514795481264,2020-05-03,0.643376767635272
0.625508380757569,0.627510759888222,0.629342755703143,0.631016019458901,0.632503392499333,0.633841885142045,0.635032547812708,0.636097737746124,0.637037378430483,0.637861605581979,0.638578645047539,0.639212389493786,0.639764488202277,0.640250101597335,0.640673549171999,0.64103463937877,0.641358084422761,0.641666130894217,0.641936379399302,0.642189914860545,0.642403304054881,0.642587273156204,0.642780995157524,0.642955202348279,0.643114672033372,0.643255596703466,0.643389687490469,0.643514795481264,2020-05-04,0.625075101051604
0.625508380757569,0.627510759888222,0.629342755703143,0.631016019458901,0.632503392499333,0.633841885142045,0.635032547812708,0.636097737746124,0.637037378430483,0.637861605581979,0.638578645047539,0.639212389493786,0.639764488202277,0.640250101597335,0.640673549171999,0.64103463937877,0.641358084422761,0.641666130894217,0.641936379399302,0.642189914860545,0.642403304054881,0.642587273156204,0.642780995157524,0.642955202348279,0.643114672033372,0.643255596703466,0.643389687490469,0.643514795481264,2020-05-05,0.608215565804947
0.625508380757569,0.627510759888222,0.629342755703143,0.631016019458901,0.632503392499333,0.633841885142045,0.635032547812708,0.636097737746124,0.637037378430483,0.637861605581979,0.638578645047539,0.639212389493786,0.639764488202277,0.640250101597335,0.640673549171999,0.64103463937877,0.641358084422761,0.641666130894217,0.641936379399302,0.642189914860545,0.642403304054881,0.642587273156204,0.642780995157524,0.642955202348279,0.643114672033372,0.643255596703466,0.643389687490469,0.643514795481264,2020-05-06,0.592645172362648
0.625508380757569,0.627510759888222,0.629342755703143,0.631016019458901,0.632503392499333,0.633841885142045,0.635032547812708,0.636097737746124,0.637037378430483,0.637861605581979,0.638578645047539,0.639212389493786,0.639764488202277,0.640250101597335,0.640673549171999,0.64103463937877,0.641358084422761,0.641666130894217,0.641936379399302,0.642189914860545,0.642403304054881,0.642587273156204,0.642780995157524,0.642955202348279,0.643114672033372,0.643255596703466,0.643389687490469,0.643514795481264,2020-05-07,0.578248244788049
0.625508380757569,0.627510759888222,0.629342755703143,0.631016019458901,0.632503392499333,0.633841885142045,0.635032547812708,0.636097737746124,0.637037378430483,0.637861605581979,0.638578645047539,0.639212389493786,0.639764488202277,0.640250101597335,0.640673549171999,0.64103463937877,0.641358084422761,0.641666130894217,0.641936379399302,0.642189914860545,0.642403304054881,0.642587273156204,0.642780995157524,0.642955202348279,0.643114672033372,0.643255596703466,0.643389687490469,0.643514795481264,2020-05-08,0.564843448851064
0.625508380757569,0.627510759888222,0.629342755703143,0.631016019458901,0.632503392499333,0.633841885142045,0.635032547812708,0.636097737746124,0.637037378430483,0.637861605581979,0.638578645047539,0.639212389493786,0.639764488202277,0.640250101597335,0.640673549171999,0.64103463937877,0.641358084422761,0.641666130894217,0.641936379399302,0.642189914860545,0.642403304054881,0.642587273156204,0.642780995157524,0.642955202348279,0.643114672033372,0.643255596703466,0.643389687490469,0.643514795481264,2020-05-09,0.552324397060811
0.625508380757569,0.627510759888222,0.629342755703143,0.631016019458901,0.632503392499333,0.633841885142045,0.635032547812708,0.636097737746124,0.637037378430483,0.637861605581979,0.638578645047539,0.639212389493786,0.639764488202277,0.640250101597335,0.640673549171999,0.64103463937877,0.641358084422761,0.641666130894217,0.641936379399302,0.642189914860545,0.642403304054881,0.642587273156204,0.642780995157524,0.642955202348279,0.643114672033372,0.643255596703466,0.643389687490469,0.643514795481264,2020-05-10,0.540582480634534
0.625508380757569,0.627510759888222,0.629342755703143,0.631016019458901,0.632503392499333,0.633841885142045,0.635032547812708,0.636097737746124,0.637037378430483,0.637861605581979,0.638578645047539,0.639212389493786,0.639764488202277,0.640250101597335,0.640673549171999,0.64103463937877,0.641358084422761,0.641666130894217,0.641936379399302,0.642189914860545,0.642403304054881,0.642587273156204,0.642780995157524,0.642955202348279,0.643114672033372,0.643255596703466,0.643389687490469,0.643514795481264,2020-05-11,0.529521179222363
0.625508380757569,0.627510759888222,0.629342755703143,0.631016019458901,0.632503392499333,0.633841885142045,0.635032547812708,0.636097737746124,0.637037378430483,0.637861605581979,0.638578645047539,0.639212389493786,0.639764488202277,0.640250101597335,0.640673549171999,0.64103463937877,0.641358084422761,0.641666130894217,0.641936379399302,0.642189914860545,0.642403304054881,0.642587273156204,0.642780995157524,0.642955202348279,0.643114672033372,0.643255596703466,0.643389687490469,0.643514795481264,2020-05-12,0.519034144232563
0.625508380757569,0.627510759888222,0.629342755703143,0.631016019458901,0.632503392499333,0.633841885142045,0.635032547812708,0.636097737746124,0.637037378430483,0.637861605581979,0.638578645047539,0.639212389493786,0.639764488202277,0.640250101597335,0.640673549171999,0.64103463937877,0.641358084422761,0.641666130894217,0.641936379399302,0.642189914860545,0.642403304054881,0.642587273156204,0.642780995157524,0.642955202348279,0.643114672033372,0.643255596703466,0.643389687490469,0.643514795481264,2020-05-13,0.509067137629385
0.625508380757569,0.627510759888222,0.629342755703143,0.631016019458901,0.632503392499333,0.633841885142045,0.635032547812708,0.636097737746124,0.637037378430483,0.637861605581979,0.638578645047539,0.639212389493786,0.639764488202277,0.640250101597335,0.640673549171999,0.64103463937877,0.641358084422761,0.641666130894217,0.641936379399302,0.642189914860545,0.642403304054881,0.642587273156204,0.642780995157524,0.642955202348279,0.643114672033372,0.643255596703466,0.643389687490469,0.643514795481264,2020-05-14,0.499568623700323
0.625508380757569,0.627510759888222,0.629342755703143,0.631016019458901,0.632503392499333,0.633841885142045,0.635032547812708,0.636097737746124,0.637037378430483,0.637861605581979,0.638578645047539,0.639212389493786,0.639764488202277,0.640250101597335,0.640673549171999,0.64103463937877,0.641358084422761,0.641666130894217,0.641936379399302,0.642189914860545,0.642403304054881,0.642587273156204,0.642780995157524,0.642955202348279,0.643114672033372,0.643255596703466,0.643389687490469,0.643514795481264,2020-05-15,0.490507836265883
0.625508380757569,0.627510759888222,0.629342755703143,0.631016019458901,0.632503392499333,0.633841885142045,0.635032547812708,0.636097737746124,0.637037378430483,0.637861605581979,0.638578645047539,0.639212389493786,0.639764488202277,0.640250101597335,0.640673549171999,0.64103463937877,0.641358084422761,0.641666130894217,0.641936379399302,0.642189914860545,0.642403304054881,0.642587273156204,0.642780995157524,0.642955202348279,0.643114672033372,0.643255596703466,0.643389687490469,0.643514795481264,2020-05-16,0.481848858483293
0.625508380757569,0.627510759888222,0.629342755703143,0.631016019458901,0.632503392499333,0.633841885142045,0.635032547812708,0.636097737746124,0.637037378430483,0.637861605581979,0.638578645047539,0.639212389493786,0.639764488202277,0.640250101597335,0.640673549171999,0.64103463937877,0.641358084422761,0.641666130894217,0.641936379399302,0.642189914860545,0.642403304054881,0.642587273156204,0.642780995157524,0.642955202348279,0.643114672033372,0.643255596703466,0.643389687490469,0.643514795481264,2020-05-17,0.47359799676288
0.625508380757569,0.627510759888222,0.629342755703143,0.631016019458901,0.632503392499333,0.633841885142045,0.635032547812708,0.636097737746124,0.637037378430483,0.637861605581979,0.638578645047539,0.639212389493786,0.639764488202277,0.640250101597335,0.640673549171999,0.64103463937877,0.641358084422761,0.641666130894217,0.641936379399302,0.642189914860545,0.642403304054881,0.642587273156204,0.642780995157524,0.642955202348279,0.643114672033372,0.643255596703466,0.643389687490469,0.643514795481264,2020-05-18,0.465762832527088
0.625508380757569,0.627510759888222,0.629342755703143,0.631016019458901,0.632503392499333,0.633841885142045,0.635032547812708,0.636097737746124,0.637037378430483,0.637861605581979,0.638578645047539,0.639212389493786,0.639764488202277,0.640250101597335,0.640673549171999,0.64103463937877,0.641358084422761,0.641666130894217,0.641936379399302,0.642189914860545,0.642403304054881,0.642587273156204,0.642780995157524,0.642955202348279,0.643114672033372,0.643255596703466,0.643389687490469,0.643514795481264,2020-05-19,0.458329660136009
0.625508380757569,0.627510759888222,0.629342755703143,0.631016019458901,0.632503392499333,0.633841885142045,0.635032547812708,0.636097737746124,0.637037378430483,0.637861605581979,0.638578645047539,0.639212389493786,0.639764488202277,0.640250101597335,0.640673549171999,0.64103463937877,0.641358084422761,0.641666130894217,0.641936379399302,0.642189914860545,0.642403304054881,0.642587273156204,0.642780995157524,0.642955202348279,0.643114672033372,0.643255596703466,0.643389687490469,0.643514795481264,2020-05-20,0.45127113409318
0.625508380757569,0.627510759888222,0.629342755703143,0.631016019458901,0.632503392499333,0.633841885142045,0.635032547812708,0.636097737746124,0.637037378430483,0.637861605581979,0.638578645047539,0.639212389493786,0.639764488202277,0.640250101597335,0.640673549171999,0.64103463937877,0.641358084422761,0.641666130894217,0.641936379399302,0.642189914860545,0.642403304054881,0.642587273156204,0.642780995157524,0.642955202348279,0.643114672033372,0.643255596703466,0.643389687490469,0.643514795481264,2020-05-21,0.444601465206634
0.625508380757569,0.627510759888222,0.629342755703143,0.631016019458901,0.632503392499333,0.633841885142045,0.635032547812708,0.636097737746124,0.637037378430483,0.637861605581979,0.638578645047539,0.639212389493786,0.639764488202277,0.640250101597335,0.640673549171999,0.64103463937877,0.641358084422761,0.641666130894217,0.641936379399302,0.642189914860545,0.642403304054881,0.642587273156204,0.642780995157524,0.642955202348279,0.643114672033372,0.643255596703466,0.643389687490469,0.643514795481264,2020-05-22,0.43832517286777
0.625508380757569,0.627510759888222,0.629342755703143,0.631016019458901,0.632503392499333,0.633841885142045,0.635032547812708,0.636097737746124,0.637037378430483,0.637861605581979,0.638578645047539,0.639212389493786,0.639764488202277,0.640250101597335,0.640673549171999,0.64103463937877,0.641358084422761,0.641666130894217,0.641936379399302,0.642189914860545,0.642403304054881,0.642587273156204,0.642780995157524,0.642955202348279,0.643114672033372,0.643255596703466,0.643389687490469,0.643514795481264,2020-05-23,0.432443887806658
0.625508380757569,0.627510759888222,0.629342755703143,0.631016019458901,0.632503392499333,0.633841885142045,0.635032547812708,0.636097737746124,0.637037378430483,0.637861605581979,0.638578645047539,0.639212389493786,0.639764488202277,0.640250101597335,0.640673549171999,0.64103463937877,0.641358084422761,0.641666130894217,0.641936379399302,0.642189914860545,0.642403304054881,0.642587273156204,0.642780995157524,0.642955202348279,0.643114672033372,0.643255596703466,0.643389687490469,0.643514795481264,2020-05-24,0.426964934590232
0.625508380757569,0.627510759888222,0.629342755703143,0.631016019458901,0.632503392499333,0.633841885142045,0.635032547812708,0.636097737746124,0.637037378430483,0.637861605581979,0.638578645047539,0.639212389493786,0.639764488202277,0.640250101597335,0.640673549171999,0.64103463937877,0.641358084422761,0.641666130894217,0.641936379399302,0.642189914860545,0.642403304054881,0.642587273156204,0.642780995157524,0.642955202348279,0.643114672033372,0.643255596703466,0.643389687490469,0.643514795481264,2020-05-25,0.421888667212146
0.625508380757569,0.627510759888222,0.629342755703143,0.631016019458901,0.632503392499333,0.633841885142045,0.635032547812708,0.636097737746124,0.637037378430483,0.637861605581979,0.638578645047539,0.639212389493786,0.639764488202277,0.640250101597335,0.640673549171999,0.64103463937877,0.641358084422761,0.641666130894217,0.641936379399302,0.642189914860545,0.642403304054881,0.642587273156204,0.642780995157524,0.642955202348279,0.643114672033372,0.643255596703466,0.643389687490469,0.643514795481264,2020-05-26,0.417237030507051
0.625508380757569,0.627510759888222,0.629342755703143,0.631016019458901,0.632503392499333,0.633841885142045,0.635032547812708,0.636097737746124,0.637037378430483,0.637861605581979,0.638578645047539,0.639212389493786,0.639764488202277,0.640250101597335,0.640673549171999,0.64103463937877,0.641358084422761,0.641666130894217,0.641936379399302,0.642189914860545,0.642403304054881,0.642587273156204,0.642780995157524,0.642955202348279,0.643114672033372,0.643255596703466,0.643389687490469,0.643514795481264,2020-05-27,0.413023265344504
0.625508380757569,0.627510759888222,0.629342755703143,0.631016019458901,0.632503392499333,0.633841885142045,0.635032547812708,0.636097737746124,0.637037378430483,0.637861605581979,0.638578645047539,0.639212389493786,0.639764488202277,0.640250101597335,0.640673549171999,0.64103463937877,0.641358084422761,0.641666130894217,0.641936379399302,0.642189914860545,0.642403304054881,0.642587273156204,0.642780995157524,0.642955202348279,0.643114672033372,0.643255596703466,0.643389687490469,0.643514795481264,2020-05-28,0.409247633318345
0.625508380757569,0.627510759888222,0.629342755703143,0.631016019458901,0.632503392499333,0.633841885142045,0.635032547812708,0.636097737746124,0.637037378430483,0.637861605581979,0.638578645047539,0.639212389493786,0.639764488202277,0.640250101597335,0.640673549171999,0.64103463937877,0.641358084422761,0.641666130894217,0.641936379399302,0.642189914860545,0.642403304054881,0.642587273156204,0.642780995157524,0.642955202348279,0.643114672033372,0.643255596703466,0.643389687490469,0.643514795481264,2020-05-29,0.405916626239041
0.625508380757569,0.627510759888222,0.629342755703143,0.631016019458901,0.632503392499333,0.633841885142045,0.635032547812708,0.636097737746124,0.637037378430483,0.637861605581979,0.638578645047539,0.639212389493786,0.639764488202277,0.640250101597335,0.640673549171999,0.64103463937877,0.641358084422761,0.641666130894217,0.641936379399302,0.642189914860545,0.642403304054881,0.642587273156204,0.642780995157524,0.642955202348279,0.643114672033372,0.643255596703466,0.643389687490469,0.643514795481264,2020-05-30,0.403033478305984
0.625508380757569,0.627510759888222,0.629342755703143,0.631016019458901,0.632503392499333,0.633841885142045,0.635032547812708,0.636097737746124,0.637037378430483,0.637861605581979,0.638578645047539,0.639212389493786,0.639764488202277,0.640250101597335,0.640673549171999,0.64103463937877,0.641358084422761,0.641666130894217,0.641936379399302,0.642189914860545,0.642403304054881,0.642587273156204,0.642780995157524,0.642955202348279,0.643114672033372,0.643255596703466,0.643389687490469,0.643514795481264,2020-05-31,0.400567119147094
0.625508380757569,0.627510759888222,0.629342755703143,0.631016019458901,0.632503392499333,0.633841885142045,0.635032547812708,0.636097737746124,0.637037378430483,0.637861605581979,0.638578645047539,0.639212389493786,0.639764488202277,0.640250101597335,0.640673549171999,0.64103463937877,0.641358084422761,0.641666130894217,0.641936379399302,0.642189914860545,0.642403304054881,0.642587273156204,0.642780995157524,0.642955202348279,0.643114672033372,0.643255596703466,0.643389687490469,0.643514795481264,2020-06-01,0.398515450509123
0.625508380757569,0.627510759888222,0.629342755703143,0.631016019458901,0.632503392499333,0.633841885142045,0.635032547812708,0.636097737746124,0.637037378430483,0.637861605581979,0.638578645047539,0.639212389493786,0.639764488202277,0.640250101597335,0.640673549171999,0.64103463937877,0.641358084422761,0.641666130894217,0.641936379399302,0.642189914860545,0.642403304054881,0.642587273156204,0.642780995157524,0.642955202348279,0.643114672033372,0.643255596703466,0.643389687490469,0.643514795481264,2020-06-02,0.396884041998975
0.625508380757569,0.627510759888222,0.629342755703143,0.631016019458901,0.632503392499333,0.633841885142045,0.635032547812708,0.636097737746124,0.637037378430483,0.637861605581979,0.638578645047539,0.639212389493786,0.639764488202277,0.640250101597335,0.640673549171999,0.64103463937877,0.641358084422761,0.641666130894217,0.641936379399302,0.642189914860545,0.642403304054881,0.642587273156204,0.642780995157524,0.642955202348279,0.643114672033372,0.643255596703466,0.643389687490469,0.643514795481264,2020-06-03,0.395658841938229
0.625508380757569,0.627510759888222,0.629342755703143,0.631016019458901,0.632503392499333,0.633841885142045,0.635032547812708,0.636097737746124,0.637037378430483,0.637861605581979,0.638578645047539,0.639212389493786,0.639764488202277,0.640250101597335,0.640673549171999,0.64103463937877,0.641358084422761,0.641666130894217,0.641936379399302,0.642189914860545,0.642403304054881,0.642587273156204,0.642780995157524,0.642955202348279,0.643114672033372,0.643255596703466,0.643389687490469,0.643514795481264,2020-06-04,0.394816186862921
0.625508380757569,0.627510759888222,0.629342755703143,0.631016019458901,0.632503392499333,0.633841885142045,0.635032547812708,0.636097737746124,0.637037378430483,0.637861605581979,0.638578645047539,0.639212389493786,0.639764488202277,0.640250101597335,0.640673549171999,0.64103463937877,0.641358084422761,0.641666130894217,0.641936379399302,0.642189914860545,0.642403304054881,0.642587273156204,0.642780995157524,0.642955202348279,0.643114672033372,0.643255596703466,0.643389687490469,0.643514795481264,2020-06-05,0.394342632377709
0.625508380757569,0.627510759888222,0.629342755703143,0.631016019458901,0.632503392499333,0.633841885142045,0.635032547812708,0.636097737746124,0.637037378430483,0.637861605581979,0.638578645047539,0.639212389493786,0.639764488202277,0.640250101597335,0.640673549171999,0.64103463937877,0.641358084422761,0.641666130894217,0.641936379399302,0.642189914860545,0.642403304054881,0.642587273156204,0.642780995157524,0.642955202348279,0.643114672033372,0.643255596703466,0.643389687490469,0.643514795481264,2020-06-06,0.394225776292183
0.625508380757569,0.627510759888222,0.629342755703143,0.631016019458901,0.632503392499333,0.633841885142045,0.635032547812708,0.636097737746124,0.637037378430483,0.637861605581979,0.638578645047539,0.639212389493786,0.639764488202277,0.640250101597335,0.640673549171999,0.64103463937877,0.641358084422761,0.641666130894217,0.641936379399302,0.642189914860545,0.642403304054881,0.642587273156204,0.642780995157524,0.642955202348279,0.643114672033372,0.643255596703466,0.643389687490469,0.643514795481264,2020-06-07,0.394438370491817
0.625508380757569,0.627510759888222,0.629342755703143,0.631016019458901,0.632503392499333,0.633841885142045,0.635032547812708,0.636097737746124,0.637037378430483,0.637861605581979,0.638578645047539,0.639212389493786,0.639764488202277,0.640250101597335,0.640673549171999,0.64103463937877,0.641358084422761,0.641666130894217,0.641936379399302,0.642189914860545,0.642403304054881,0.642587273156204,0.642780995157524,0.642955202348279,0.643114672033372,0.643255596703466,0.643389687490469,0.643514795481264,2020-06-08,0.394958386248934
0.625508380757569,0.627510759888222,0.629342755703143,0.631016019458901,0.632503392499333,0.633841885142045,0.635032547812708,0.636097737746124,0.637037378430483,0.637861605581979,0.638578645047539,0.639212389493786,0.639764488202277,0.640250101597335,0.640673549171999,0.64103463937877,0.641358084422761,0.641666130894217,0.641936379399302,0.642189914860545,0.642403304054881,0.642587273156204,0.642780995157524,0.642955202348279,0.643114672033372,0.643255596703466,0.643389687490469,0.643514795481264,2020-06-09,0.395781137571255
0.625508380757569,0.627510759888222,0.629342755703143,0.631016019458901,0.632503392499333,0.633841885142045,0.635032547812708,0.636097737746124,0.637037378430483,0.637861605581979,0.638578645047539,0.639212389493786,0.639764488202277,0.640250101597335,0.640673549171999,0.64103463937877,0.641358084422761,0.641666130894217,0.641936379399302,0.642189914860545,0.642403304054881,0.642587273156204,0.642780995157524,0.642955202348279,0.643114672033372,0.643255596703466,0.643389687490469,0.643514795481264,2020-06-10,0.396897447264568
0.625508380757569,0.627510759888222,0.629342755703143,0.631016019458901,0.632503392499333,0.633841885142045,0.635032547812708,0.636097737746124,0.637037378430483,0.637861605581979,0.638578645047539,0.639212389493786,0.639764488202277,0.640250101597335,0.640673549171999,0.64103463937877,0.641358084422761,0.641666130894217,0.641936379399302,0.642189914860545,0.642403304054881,0.642587273156204,0.642780995157524,0.642955202348279,0.643114672033372,0.643255596703466,0.643389687490469,0.643514795481264,2020-06-11,0.398283321839042
0.625508380757569,0.627510759888222,0.629342755703143,0.631016019458901,0.632503392499333,0.633841885142045,0.635032547812708,0.636097737746124,0.637037378430483,0.637861605581979,0.638578645047539,0.639212389493786,0.639764488202277,0.640250101597335,0.640673549171999,0.64103463937877,0.641358084422761,0.641666130894217,0.641936379399302,0.642189914860545,0.642403304054881,0.642587273156204,0.642780995157524,0.642955202348279,0.643114672033372,0.643255596703466,0.643389687490469,0.643514795481264,2020-06-12,0.399923014007836
0.625508380757569,0.627510759888222,0.629342755703143,0.631016019458901,0.632503392499333,0.633841885142045,0.635032547812708,0.636097737746124,0.637037378430483,0.637861605581979,0.638578645047539,0.639212389493786,0.639764488202277,0.640250101597335,0.640673549171999,0.64103463937877,0.641358084422761,0.641666130894217,0.641936379399302,0.642189914860545,0.642403304054881,0.642587273156204,0.642780995157524,0.642955202348279,0.643114672033372,0.643255596703466,0.643389687490469,0.643514795481264,2020-06-13,0.401810626185672
0.625508380757569,0.627510759888222,0.629342755703143,0.631016019458901,0.632503392499333,0.633841885142045,0.635032547812708,0.636097737746124,0.637037378430483,0.637861605581979,0.638578645047539,0.639212389493786,0.639764488202277,0.640250101597335,0.640673549171999,0.64103463937877,0.641358084422761,0.641666130894217,0.641936379399302,0.642189914860545,0.642403304054881,0.642587273156204,0.642780995157524,0.642955202348279,0.643114672033372,0.643255596703466,0.643389687490469,0.643514795481264,2020-06-14,0.403954235367944
0.625508380757569,0.627510759888222,0.629342755703143,0.631016019458901,0.632503392499333,0.633841885142045,0.635032547812708,0.636097737746124,0.637037378430483,0.637861605581979,0.638578645047539,0.639212389493786,0.639764488202277,0.640250101597335,0.640673549171999,0.64103463937877,0.641358084422761,0.641666130894217,0.641936379399302,0.642189914860545,0.642403304054881,0.642587273156204,0.642780995157524,0.642955202348279,0.643114672033372,0.643255596703466,0.643389687490469,0.643514795481264,2020-06-15,0.406353264189944
0.625508380757569,0.627510759888222,0.629342755703143,0.631016019458901,0.632503392499333,0.633841885142045,0.635032547812708,0.636097737746124,0.637037378430483,0.637861605581979,0.638578645047539,0.639212389493786,0.639764488202277,0.640250101597335,0.640673549171999,0.64103463937877,0.641358084422761,0.641666130894217,0.641936379399302,0.642189914860545,0.642403304054881,0.642587273156204,0.642780995157524,0.642955202348279,0.643114672033372,0.643255596703466,0.643389687490469,0.643514795481264,2020-06-16,0.408966805359995
0.625508380757569,0.627510759888222,0.629342755703143,0.631016019458901,0.632503392499333,0.633841885142045,0.635032547812708,0.636097737746124,0.637037378430483,0.637861605581979,0.638578645047539,0.639212389493786,0.639764488202277,0.640250101597335,0.640673549171999,0.64103463937877,0.641358084422761,0.641666130894217,0.641936379399302,0.642189914860545,0.642403304054881,0.642587273156204,0.642780995157524,0.642955202348279,0.643114672033372,0.643255596703466,0.643389687490469,0.643514795481264,2020-06-17,0.411782518044267
0.625508380757569,0.627510759888222,0.629342755703143,0.631016019458901,0.632503392499333,0.633841885142045,0.635032547812708,0.636097737746124,0.637037378430483,0.637861605581979,0.638578645047539,0.639212389493786,0.639764488202277,0.640250101597335,0.640673549171999,0.64103463937877,0.641358084422761,0.641666130894217,0.641936379399302,0.642189914860545,0.642403304054881,0.642587273156204,0.642780995157524,0.642955202348279,0.643114672033372,0.643255596703466,0.643389687490469,0.643514795481264,2020-06-18,0.414794138790034
0.625508380757569,0.627510759888222,0.629342755703143,0.631016019458901,0.632503392499333,0.633841885142045,0.635032547812708,0.636097737746124,0.637037378430483,0.637861605581979,0.638578645047539,0.639212389493786,0.639764488202277,0.640250101597335,0.640673549171999,0.64103463937877,0.641358084422761,0.641666130894217,0.641936379399302,0.642189914860545,0.642403304054881,0.642587273156204,0.642780995157524,0.642955202348279,0.643114672033372,0.643255596703466,0.643389687490469,0.643514795481264,2020-06-19,0.418007830847236
0.625508380757569,0.627510759888222,0.629342755703143,0.631016019458901,0.632503392499333,0.633841885142045,0.635032547812708,0.636097737746124,0.637037378430483,0.637861605581979,0.638578645047539,0.639212389493786,0.639764488202277,0.640250101597335,0.640673549171999,0.64103463937877,0.641358084422761,0.641666130894217,0.641936379399302,0.642189914860545,0.642403304054881,0.642587273156204,0.642780995157524,0.642955202348279,0.643114672033372,0.643255596703466,0.643389687490469,0.643514795481264,2020-06-20,0.421418211792592
0.625508380757569,0.627510759888222,0.629342755703143,0.631016019458901,0.632503392499333,0.633841885142045,0.635032547812708,0.636097737746124,0.637037378430483,0.637861605581979,0.638578645047539,0.639212389493786,0.639764488202277,0.640250101597335,0.640673549171999,0.64103463937877,0.641358084422761,0.641666130894217,0.641936379399302,0.642189914860545,0.642403304054881,0.642587273156204,0.642780995157524,0.642955202348279,0.643114672033372,0.643255596703466,0.643389687490469,0.643514795481264,2020-06-21,0.425015804647365
0.625508380757569,0.627510759888222,0.629342755703143,0.631016019458901,0.632503392499333,0.633841885142045,0.635032547812708,0.636097737746124,0.637037378430483,0.637861605581979,0.638578645047539,0.639212389493786,0.639764488202277,0.640250101597335,0.640673549171999,0.64103463937877,0.641358084422761,0.641666130894217,0.641936379399302,0.642189914860545,0.642403304054881,0.642587273156204,0.642780995157524,0.642955202348279,0.643114672033372,0.643255596703466,0.643389687490469,0.643514795481264,2020-06-22,0.428786245852868
0.625508380757569,0.627510759888222,0.629342755703143,0.631016019458901,0.632503392499333,0.633841885142045,0.635032547812708,0.636097737746124,0.637037378430483,0.637861605581979,0.638578645047539,0.639212389493786,0.639764488202277,0.640250101597335,0.640673549171999,0.64103463937877,0.641358084422761,0.641666130894217,0.641936379399302,0.642189914860545,0.642403304054881,0.642587273156204,0.642780995157524,0.642955202348279,0.643114672033372,0.643255596703466,0.643389687490469,0.643514795481264,2020-06-23,0.432730772077469
0.625508380757569,0.627510759888222,0.629342755703143,0.631016019458901,0.632503392499333,0.633841885142045,0.635032547812708,0.636097737746124,0.637037378430483,0.637861605581979,0.638578645047539,0.639212389493786,0.639764488202277,0.640250101597335,0.640673549171999,0.64103463937877,0.641358084422761,0.641666130894217,0.641936379399302,0.642189914860545,0.642403304054881,0.642587273156204,0.642780995157524,0.642955202348279,0.643114672033372,0.643255596703466,0.643389687490469,0.643514795481264,2020-06-24,0.436834880591366
0.625508380757569,0.627510759888222,0.629342755703143,0.631016019458901,0.632503392499333,0.633841885142045,0.635032547812708,0.636097737746124,0.637037378430483,0.637861605581979,0.638578645047539,0.639212389493786,0.639764488202277,0.640250101597335,0.640673549171999,0.64103463937877,0.641358084422761,0.641666130894217,0.641936379399302,0.642189914860545,0.642403304054881,0.642587273156204,0.642780995157524,0.642955202348279,0.643114672033372,0.643255596703466,0.643389687490469,0.643514795481264,2020-06-25,0.441098090370102
0.625508380757569,0.627510759888222,0.629342755703143,0.631016019458901,0.632503392499333,0.633841885142045,0.635032547812708,0.636097737746124,0.637037378430483,0.637861605581979,0.638578645047539,0.639212389493786,0.639764488202277,0.640250101597335,0.640673549171999,0.64103463937877,0.641358084422761,0.641666130894217,0.641936379399302,0.642189914860545,0.642403304054881,0.642587273156204,0.642780995157524,0.642955202348279,0.643114672033372,0.643255596703466,0.643389687490469,0.643514795481264,2020-06-26,0.445485639262535
0.625508380757569,0.627510759888222,0.629342755703143,0.631016019458901,0.632503392499333,0.633841885142045,0.635032547812708,0.636097737746124,0.637037378430483,0.637861605581979,0.638578645047539,0.639212389493786,0.639764488202277,0.640250101597335,0.640673549171999,0.64103463937877,0.641358084422761,0.641666130894217,0.641936379399302,0.642189914860545,0.642403304054881,0.642587273156204,0.642780995157524,0.642955202348279,0.643114672033372,0.643255596703466,0.643389687490469,0.643514795481264,2020-06-27,0.450000459413735
0.625508380757569,0.627510759888222,0.629342755703143,0.631016019458901,0.632503392499333,0.633841885142045,0.635032547812708,0.636097737746124,0.637037378430483,0.637861605581979,0.638578645047539,0.639212389493786,0.639764488202277,0.640250101597335,0.640673549171999,0.64103463937877,0.641358084422761,0.641666130894217,0.641936379399302,0.642189914860545,0.642403304054881,0.642587273156204,0.642780995157524,0.642955202348279,0.643114672033372,0.643255596703466,0.643389687490469,0.643514795481264,2020-06-28,0.454621283393321
0.625508380757569,0.627510759888222,0.629342755703143,0.631016019458901,0.632503392499333,0.633841885142045,0.635032547812708,0.636097737746124,0.637037378430483,0.637861605581979,0.638578645047539,0.639212389493786,0.639764488202277,0.640250101597335,0.640673549171999,0.64103463937877,0.641358084422761,0.641666130894217,0.641936379399302,0.642189914860545,0.642403304054881,0.642587273156204,0.642780995157524,0.642955202348279,0.643114672033372,0.643255596703466,0.643389687490469,0.643514795481264,2020-06-29,0.459344768802362
0.625508380757569,0.627510759888222,0.629342755703143,0.631016019458901,0.632503392499333,0.633841885142045,0.635032547812708,0.636097737746124,0.637037378430483,0.637861605581979,0.638578645047539,0.639212389493786,0.639764488202277,0.640250101597335,0.640673549171999,0.64103463937877,0.641358084422761,0.641666130894217,0.641936379399302,0.642189914860545,0.642403304054881,0.642587273156204,0.642780995157524,0.642955202348279,0.643114672033372,0.643255596703466,0.643389687490469,0.643514795481264,2020-06-30,0.464140881374789
0.625508380757569,0.627510759888222,0.629342755703143,0.631016019458901,0.632503392499333,0.633841885142045,0.635032547812708,0.636097737746124,0.637037378430483,0.637861605581979,0.638578645047539,0.639212389493786,0.639764488202277,0.640250101597335,0.640673549171999,0.64103463937877,0.641358084422761,0.641666130894217,0.641936379399302,0.642189914860545,0.642403304054881,0.642587273156204,0.642780995157524,0.642955202348279,0.643114672033372,0.643255596703466,0.643389687490469,0.643514795481264,2020-07-01,0.46900282114333
0.625508380757569,0.627510759888222,0.629342755703143,0.631016019458901,0.632503392499333,0.633841885142045,0.635032547812708,0.636097737746124,0.637037378430483,0.637861605581979,0.638578645047539,0.639212389493786,0.639764488202277,0.640250101597335,0.640673549171999,0.64103463937877,0.641358084422761,0.641666130894217,0.641936379399302,0.642189914860545,0.642403304054881,0.642587273156204,0.642780995157524,0.642955202348279,0.643114672033372,0.643255596703466,0.643389687490469,0.643514795481264,2020-07-02,0.473911126066115
0.625508380757569,0.627510759888222,0.629342755703143,0.631016019458901,0.632503392499333,0.633841885142045,0.635032547812708,0.636097737746124,0.637037378430483,0.637861605581979,0.638578645047539,0.639212389493786,0.639764488202277,0.640250101597335,0.640673549171999,0.64103463937877,0.641358084422761,0.641666130894217,0.641936379399302,0.642189914860545,0.642403304054881,0.642587273156204,0.642780995157524,0.642955202348279,0.643114672033372,0.643255596703466,0.643389687490469,0.643514795481264,2020-07-03,0.478856907088416
0.625508380757569,0.627510759888222,0.629342755703143,0.631016019458901,0.632503392499333,0.633841885142045,0.635032547812708,0.636097737746124,0.637037378430483,0.637861605581979,0.638578645047539,0.639212389493786,0.639764488202277,0.640250101597335,0.640673549171999,0.64103463937877,0.641358084422761,0.641666130894217,0.641936379399302,0.642189914860545,0.642403304054881,0.642587273156204,0.642780995157524,0.642955202348279,0.643114672033372,0.643255596703466,0.643389687490469,0.643514795481264,2020-07-04,0.483837084737
0.625508380757569,0.627510759888222,0.629342755703143,0.631016019458901,0.632503392499333,0.633841885142045,0.635032547812708,0.636097737746124,0.637037378430483,0.637861605581979,0.638578645047539,0.639212389493786,0.639764488202277,0.640250101597335,0.640673549171999,0.64103463937877,0.641358084422761,0.641666130894217,0.641936379399302,0.642189914860545,0.642403304054881,0.642587273156204,0.642780995157524,0.642955202348279,0.643114672033372,0.643255596703466,0.643389687490469,0.643514795481264,2020-07-05,0.48882351126111
0.625508380757569,0.627510759888222,0.629342755703143,0.631016019458901,0.632503392499333,0.633841885142045,0.635032547812708,0.636097737746124,0.637037378430483,0.637861605581979,0.638578645047539,0.639212389493786,0.639764488202277,0.640250101597335,0.640673549171999,0.64103463937877,0.641358084422761,0.641666130894217,0.641936379399302,0.642189914860545,0.642403304054881,0.642587273156204,0.642780995157524,0.642955202348279,0.643114672033372,0.643255596703466,0.643389687490469,0.643514795481264,2020-07-06,0.493775606641507
0.625508380757569,0.627510759888222,0.629342755703143,0.631016019458901,0.632503392499333,0.633841885142045,0.635032547812708,0.636097737746124,0.637037378430483,0.637861605581979,0.638578645047539,0.639212389493786,0.639764488202277,0.640250101597335,0.640673549171999,0.64103463937877,0.641358084422761,0.641666130894217,0.641936379399302,0.642189914860545,0.642403304054881,0.642587273156204,0.642780995157524,0.642955202348279,0.643114672033372,0.643255596703466,0.643389687490469,0.643514795481264,2020-07-07,0.498706328901272
0.625508380757569,0.627510759888222,0.629342755703143,0.631016019458901,0.632503392499333,0.633841885142045,0.635032547812708,0.636097737746124,0.637037378430483,0.637861605581979,0.638578645047539,0.639212389493786,0.639764488202277,0.640250101597335,0.640673549171999,0.64103463937877,0.641358084422761,0.641666130894217,0.641936379399302,0.642189914860545,0.642403304054881,0.642587273156204,0.642780995157524,0.642955202348279,0.643114672033372,0.643255596703466,0.643389687490469,0.643514795481264,2020-07-08,0.503599879297442
0.625508380757569,0.627510759888222,0.629342755703143,0.631016019458901,0.632503392499333,0.633841885142045,0.635032547812708,0.636097737746124,0.637037378430483,0.637861605581979,0.638578645047539,0.639212389493786,0.639764488202277,0.640250101597335,0.640673549171999,0.64103463937877,0.641358084422761,0.641666130894217,0.641936379399302,0.642189914860545,0.642403304054881,0.642587273156204,0.642780995157524,0.642955202348279,0.643114672033372,0.643255596703466,0.643389687490469,0.643514795481264,2020-07-09,0.508478802964927
0.625508380757569,0.627510759888222,0.629342755703143,0.631016019458901,0.632503392499333,0.633841885142045,0.635032547812708,0.636097737746124,0.637037378430483,0.637861605581979,0.638578645047539,0.639212389493786,0.639764488202277,0.640250101597335,0.640673549171999,0.64103463937877,0.641358084422761,0.641666130894217,0.641936379399302,0.642189914860545,0.642403304054881,0.642587273156204,0.642780995157524,0.642955202348279,0.643114672033372,0.643255596703466,0.643389687490469,0.643514795481264,2020-07-10,0.513326204496676
0.625508380757569,0.627510759888222,0.629342755703143,0.631016019458901,0.632503392499333,0.633841885142045,0.635032547812708,0.636097737746124,0.637037378430483,0.637861605581979,0.638578645047539,0.639212389493786,0.639764488202277,0.640250101597335,0.640673549171999,0.64103463937877,0.641358084422761,0.641666130894217,0.641936379399302,0.642189914860545,0.642403304054881,0.642587273156204,0.642780995157524,0.642955202348279,0.643114672033372,0.643255596703466,0.643389687490469,0.643514795481264,2020-07-11,0.51811540740286
0.625508380757569,0.627510759888222,0.629342755703143,0.631016019458901,0.632503392499333,0.633841885142045,0.635032547812708,0.636097737746124,0.637037378430483,0.637861605581979,0.638578645047539,0.639212389493786,0.639764488202277,0.640250101597335,0.640673549171999,0.64103463937877,0.641358084422761,0.641666130894217,0.641936379399302,0.642189914860545,0.642403304054881,0.642587273156204,0.642780995157524,0.642955202348279,0.643114672033372,0.643255596703466,0.643389687490469,0.643514795481264,2020-07-12,0.522864006994467
0.625508380757569,0.627510759888222,0.629342755703143,0.631016019458901,0.632503392499333,0.633841885142045,0.635032547812708,0.636097737746124,0.637037378430483,0.637861605581979,0.638578645047539,0.639212389493786,0.639764488202277,0.640250101597335,0.640673549171999,0.64103463937877,0.641358084422761,0.641666130894217,0.641936379399302,0.642189914860545,0.642403304054881,0.642587273156204,0.642780995157524,0.642955202348279,0.643114672033372,0.643255596703466,0.643389687490469,0.643514795481264,2020-07-13,0.527560436398172
0.625508380757569,0.627510759888222,0.629342755703143,0.631016019458901,0.632503392499333,0.633841885142045,0.635032547812708,0.636097737746124,0.637037378430483,0.637861605581979,0.638578645047539,0.639212389493786,0.639764488202277,0.640250101597335,0.640673549171999,0.64103463937877,0.641358084422761,0.641666130894217,0.641936379399302,0.642189914860545,0.642403304054881,0.642587273156204,0.642780995157524,0.642955202348279,0.643114672033372,0.643255596703466,0.643389687490469,0.643514795481264,2020-07-14,0.53223026248034
0.625508380757569,0.627510759888222,0.629342755703143,0.631016019458901,0.632503392499333,0.633841885142045,0.635032547812708,0.636097737746124,0.637037378430483,0.637861605581979,0.638578645047539,0.639212389493786,0.639764488202277,0.640250101597335,0.640673549171999,0.64103463937877,0.641358084422761,0.641666130894217,0.641936379399302,0.642189914860545,0.642403304054881,0.642587273156204,0.642780995157524,0.642955202348279,0.643114672033372,0.643255596703466,0.643389687490469,0.643514795481264,2020-07-15,0.536850880471482
0.625508380757569,0.627510759888222,0.629342755703143,0.631016019458901,0.632503392499333,0.633841885142045,0.635032547812708,0.636097737746124,0.637037378430483,0.637861605581979,0.638578645047539,0.639212389493786,0.639764488202277,0.640250101597335,0.640673549171999,0.64103463937877,0.641358084422761,0.641666130894217,0.641936379399302,0.642189914860545,0.642403304054881,0.642587273156204,0.642780995157524,0.642955202348279,0.643114672033372,0.643255596703466,0.643389687490469,0.643514795481264,2020-07-16,0.541425009846804
0.625508380757569,0.627510759888222,0.629342755703143,0.631016019458901,0.632503392499333,0.633841885142045,0.635032547812708,0.636097737746124,0.637037378430483,0.637861605581979,0.638578645047539,0.639212389493786,0.639764488202277,0.640250101597335,0.640673549171999,0.64103463937877,0.641358084422761,0.641666130894217,0.641936379399302,0.642189914860545,0.642403304054881,0.642587273156204,0.642780995157524,0.642955202348279,0.643114672033372,0.643255596703466,0.643389687490469,0.643514795481264,2020-07-17,0.545968374840273
0.625508380757569,0.627510759888222,0.629342755703143,0.631016019458901,0.632503392499333,0.633841885142045,0.635032547812708,0.636097737746124,0.637037378430483,0.637861605581979,0.638578645047539,0.639212389493786,0.639764488202277,0.640250101597335,0.640673549171999,0.64103463937877,0.641358084422761,0.641666130894217,0.641936379399302,0.642189914860545,0.642403304054881,0.642587273156204,0.642780995157524,0.642955202348279,0.643114672033372,0.643255596703466,0.643389687490469,0.643514795481264,2020-07-18,0.550485143165901
0.625508380757569,0.627510759888222,0.629342755703143,0.631016019458901,0.632503392499333,0.633841885142045,0.635032547812708,0.636097737746124,0.637037378430483,0.637861605581979,0.638578645047539,0.639212389493786,0.639764488202277,0.640250101597335,0.640673549171999,0.64103463937877,0.641358084422761,0.641666130894217,0.641936379399302,0.642189914860545,0.642403304054881,0.642587273156204,0.642780995157524,0.642955202348279,0.643114672033372,0.643255596703466,0.643389687490469,0.643514795481264,2020-07-19,0.554947741616611
0.625508380757569,0.627510759888222,0.629342755703143,0.631016019458901,0.632503392499333,0.633841885142045,0.635032547812708,0.636097737746124,0.637037378430483,0.637861605581979,0.638578645047539,0.639212389493786,0.639764488202277,0.640250101597335,0.640673549171999,0.64103463937877,0.641358084422761,0.641666130894217,0.641936379399302,0.642189914860545,0.642403304054881,0.642587273156204,0.642780995157524,0.642955202348279,0.643114672033372,0.643255596703466,0.643389687490469,0.643514795481264,2020-07-20,0.559377618031311
0.625508380757569,0.627510759888222,0.629342755703143,0.631016019458901,0.632503392499333,0.633841885142045,0.635032547812708,0.636097737746124,0.637037378430483,0.637861605581979,0.638578645047539,0.639212389493786,0.639764488202277,0.640250101597335,0.640673549171999,0.64103463937877,0.641358084422761,0.641666130894217,0.641936379399302,0.642189914860545,0.642403304054881,0.642587273156204,0.642780995157524,0.642955202348279,0.643114672033372,0.643255596703466,0.643389687490469,0.643514795481264,2020-07-21,0.56376275432148
0.625508380757569,0.627510759888222,0.629342755703143,0.631016019458901,0.632503392499333,0.633841885142045,0.635032547812708,0.636097737746124,0.637037378430483,0.637861605581979,0.638578645047539,0.639212389493786,0.639764488202277,0.640250101597335,0.640673549171999,0.64103463937877,0.641358084422761,0.641666130894217,0.641936379399302,0.642189914860545,0.642403304054881,0.642587273156204,0.642780995157524,0.642955202348279,0.643114672033372,0.643255596703466,0.643389687490469,0.643514795481264,2020-07-22,0.568097976211481
0.625508380757569,0.627510759888222,0.629342755703143,0.631016019458901,0.632503392499333,0.633841885142045,0.635032547812708,0.636097737746124,0.637037378430483,0.637861605581979,0.638578645047539,0.639212389493786,0.639764488202277,0.640250101597335,0.640673549171999,0.64103463937877,0.641358084422761,0.641666130894217,0.641936379399302,0.642189914860545,0.642403304054881,0.642587273156204,0.642780995157524,0.642955202348279,0.643114672033372,0.643255596703466,0.643389687490469,0.643514795481264,2020-07-23,0.572383424532985
0.625508380757569,0.627510759888222,0.629342755703143,0.631016019458901,0.632503392499333,0.633841885142045,0.635032547812708,0.636097737746124,0.637037378430483,0.637861605581979,0.638578645047539,0.639212389493786,0.639764488202277,0.640250101597335,0.640673549171999,0.64103463937877,0.641358084422761,0.641666130894217,0.641936379399302,0.642189914860545,0.642403304054881,0.642587273156204,0.642780995157524,0.642955202348279,0.643114672033372,0.643255596703466,0.643389687490469,0.643514795481264,2020-07-24,0.576590660498089
0.625508380757569,0.627510759888222,0.629342755703143,0.631016019458901,0.632503392499333,0.633841885142045,0.635032547812708,0.636097737746124,0.637037378430483,0.637861605581979,0.638578645047539,0.639212389493786,0.639764488202277,0.640250101597335,0.640673549171999,0.64103463937877,0.641358084422761,0.641666130894217,0.641936379399302,0.642189914860545,0.642403304054881,0.642587273156204,0.642780995157524,0.642955202348279,0.643114672033372,0.643255596703466,0.643389687490469,0.643514795481264,2020-07-25,0.58070395451901
0.625508380757569,0.627510759888222,0.629342755703143,0.631016019458901,0.632503392499333,0.633841885142045,0.635032547812708,0.636097737746124,0.637037378430483,0.637861605581979,0.638578645047539,0.639212389493786,0.639764488202277,0.640250101597335,0.640673549171999,0.64103463937877,0.641358084422761,0.641666130894217,0.641936379399302,0.642189914860545,0.642403304054881,0.642587273156204,0.642780995157524,0.642955202348279,0.643114672033372,0.643255596703466,0.643389687490469,0.643514795481264,2020-07-26,0.584742893788172
0.625508380757569,0.627510759888222,0.629342755703143,0.631016019458901,0.632503392499333,0.633841885142045,0.635032547812708,0.636097737746124,0.637037378430483,0.637861605581979,0.638578645047539,0.639212389493786,0.639764488202277,0.640250101597335,0.640673549171999,0.64103463937877,0.641358084422761,0.641666130894217,0.641936379399302,0.642189914860545,0.642403304054881,0.642587273156204,0.642780995157524,0.642955202348279,0.643114672033372,0.643255596703466,0.643389687490469,0.643514795481264,2020-07-27,0.588694186997481
0.625508380757569,0.627510759888222,0.629342755703143,0.631016019458901,0.632503392499333,0.633841885142045,0.635032547812708,0.636097737746124,0.637037378430483,0.637861605581979,0.638578645047539,0.639212389493786,0.639764488202277,0.640250101597335,0.640673549171999,0.64103463937877,0.641358084422761,0.641666130894217,0.641936379399302,0.642189914860545,0.642403304054881,0.642587273156204,0.642780995157524,0.642955202348279,0.643114672033372,0.643255596703466,0.643389687490469,0.643514795481264,2020-07-28,0.592543795267691
0.625508380757569,0.627510759888222,0.629342755703143,0.631016019458901,0.632503392499333,0.633841885142045,0.635032547812708,0.636097737746124,0.637037378430483,0.637861605581979,0.638578645047539,0.639212389493786,0.639764488202277,0.640250101597335,0.640673549171999,0.64103463937877,0.641358084422761,0.641666130894217,0.641936379399302,0.642189914860545,0.642403304054881,0.642587273156204,0.642780995157524,0.642955202348279,0.643114672033372,0.643255596703466,0.643389687490469,0.643514795481264,2020-07-29,0.596278263078085
0.625508380757569,0.627510759888222,0.629342755703143,0.631016019458901,0.632503392499333,0.633841885142045,0.635032547812708,0.636097737746124,0.637037378430483,0.637861605581979,0.638578645047539,0.639212389493786,0.639764488202277,0.640250101597335,0.640673549171999,0.64103463937877,0.641358084422761,0.641666130894217,0.641936379399302,0.642189914860545,0.642403304054881,0.642587273156204,0.642780995157524,0.642955202348279,0.643114672033372,0.643255596703466,0.643389687490469,0.643514795481264,2020-07-30,0.599892216885566
0.625508380757569,0.627510759888222,0.629342755703143,0.631016019458901,0.632503392499333,0.633841885142045,0.635032547812708,0.636097737746124,0.637037378430483,0.637861605581979,0.638578645047539,0.639212389493786,0.639764488202277,0.640250101597335,0.640673549171999,0.64103463937877,0.641358084422761,0.641666130894217,0.641936379399302,0.642189914860545,0.642403304054881,0.642587273156204,0.642780995157524,0.642955202348279,0.643114672033372,0.643255596703466,0.643389687490469,0.643514795481264,2020-07-31,0.603380514950712
0.625508380757569,0.627510759888222,0.629342755703143,0.631016019458901,0.632503392499333,0.633841885142045,0.635032547812708,0.636097737746124,0.637037378430483,0.637861605581979,0.638578645047539,0.639212389493786,0.639764488202277,0.640250101597335,0.640673549171999,0.64103463937877,0.641358084422761,0.641666130894217,0.641936379399302,0.642189914860545,0.642403304054881,0.642587273156204,0.642780995157524,0.642955202348279,0.643114672033372,0.643255596703466,0.643389687490469,0.643514795481264,2020-08-01,0.60673233294551
0.625508380757569,0.627510759888222,0.629342755703143,0.631016019458901,0.632503392499333,0.633841885142045,0.635032547812708,0.636097737746124,0.637037378430483,0.637861605581979,0.638578645047539,0.639212389493786,0.639764488202277,0.640250101597335,0.640673549171999,0.64103463937877,0.641358084422761,0.641666130894217,0.641936379399302,0.642189914860545,0.642403304054881,0.642587273156204,0.642780995157524,0.642955202348279,0.643114672033372,0.643255596703466,0.643389687490469,0.643514795481264,2020-08-02,0.60993356071874
0.625508380757569,0.627510759888222,0.629342755703143,0.631016019458901,0.632503392499333,0.633841885142045,0.635032547812708,0.636097737746124,0.637037378430483,0.637861605581979,0.638578645047539,0.639212389493786,0.639764488202277,0.640250101597335,0.640673549171999,0.64103463937877,0.641358084422761,0.641666130894217,0.641936379399302,0.642189914860545,0.642403304054881,0.642587273156204,0.642780995157524,0.642955202348279,0.643114672033372,0.643255596703466,0.643389687490469,0.643514795481264,2020-08-03,0.612953412461577
0.625508380757569,0.627510759888222,0.629342755703143,0.631016019458901,0.632503392499333,0.633841885142045,0.635032547812708,0.636097737746124,0.637037378430483,0.637861605581979,0.638578645047539,0.639212389493786,0.639764488202277,0.640250101597335,0.640673549171999,0.64103463937877,0.641358084422761,0.641666130894217,0.641936379399302,0.642189914860545,0.642403304054881,0.642587273156204,0.642780995157524,0.642955202348279,0.643114672033372,0.643255596703466,0.643389687490469,0.643514795481264,2020-08-04,0.615804809585621
0.625508380757569,0.627510759888222,0.629342755703143,0.631016019458901,0.632503392499333,0.633841885142045,0.635032547812708,0.636097737746124,0.637037378430483,0.637861605581979,0.638578645047539,0.639212389493786,0.639764488202277,0.640250101597335,0.640673549171999,0.64103463937877,0.641358084422761,0.641666130894217,0.641936379399302,0.642189914860545,0.642403304054881,0.642587273156204,0.642780995157524,0.642955202348279,0.643114672033372,0.643255596703466,0.643389687490469,0.643514795481264,2020-08-05,0.618479229729682
0.625508380757569,0.627510759888222,0.629342755703143,0.631016019458901,0.632503392499333,0.633841885142045,0.635032547812708,0.636097737746124,0.637037378430483,0.637861605581979,0.638578645047539,0.639212389493786,0.639764488202277,0.640250101597335,0.640673549171999,0.64103463937877,0.641358084422761,0.641666130894217,0.641936379399302,0.642189914860545,0.642403304054881,0.642587273156204,0.642780995157524,0.642955202348279,0.643114672033372,0.643255596703466,0.643389687490469,0.643514795481264,2020-08-06,0.620996233760229
0.625508380757569,0.627510759888222,0.629342755703143,0.631016019458901,0.632503392499333,0.633841885142045,0.635032547812708,0.636097737746124,0.637037378430483,0.637861605581979,0.638578645047539,0.639212389493786,0.639764488202277,0.640250101597335,0.640673549171999,0.64103463937877,0.641358084422761,0.641666130894217,0.641936379399302,0.642189914860545,0.642403304054881,0.642587273156204,0.642780995157524,0.642955202348279,0.643114672033372,0.643255596703466,0.643389687490469,0.643514795481264,2020-08-07,0.623342884010131
